# First 300 of 21174 raw recorder lines (VERDI_SPIKE_GITLOG output, go test ./cmd/verdi/ ./internal/designapp/ ./internal/wtmanager/ ./internal/commitdesign/ ./internal/policyadopt/)
designapp.test -test.testlogfile=/var/folders/67/pw7jvbv12d76jpz89mltjtyw0000gn/T/go-build238425281/b326/testlog.txt -test.paniconexit0	/private/var/folders/67/pw7jvbv12d76jpz89mltjtyw0000gn/T/TestGetBoard2983361994/001	symbolic-ref --short -q HEAD
designapp.test -test.testlogfile=/var/folders/67/pw7jvbv12d76jpz89mltjtyw0000gn/T/go-build238425281/b326/testlog.txt -test.paniconexit0	/private/var/folders/67/pw7jvbv12d76jpz89mltjtyw0000gn/T/TestGetBoard2983361994/001	rev-parse --verify HEAD
designapp.test -test.testlogfile=/var/folders/67/pw7jvbv12d76jpz89mltjtyw0000gn/T/go-build238425281/b326/testlog.txt -test.paniconexit0	/private/var/folders/67/pw7jvbv12d76jpz89mltjtyw0000gn/T/TestGetBoard2983361994/001	symbolic-ref --short -q HEAD
designapp.test -test.testlogfile=/var/folders/67/pw7jvbv12d76jpz89mltjtyw0000gn/T/go-build238425281/b326/testlog.txt -test.paniconexit0	/private/var/folders/67/pw7jvbv12d76jpz89mltjtyw0000gn/T/TestGetBoard2983361994/001	show-ref --verify --quiet refs/remotes/origin/main
designapp.test -test.testlogfile=/var/folders/67/pw7jvbv12d76jpz89mltjtyw0000gn/T/go-build238425281/b326/testlog.txt -test.paniconexit0	/private/var/folders/67/pw7jvbv12d76jpz89mltjtyw0000gn/T/TestGetBoard2983361994/001	show-ref --verify --quiet refs/heads/main
designapp.test -test.testlogfile=/var/folders/67/pw7jvbv12d76jpz89mltjtyw0000gn/T/go-build238425281/b326/testlog.txt -test.paniconexit0	/private/var/folders/67/pw7jvbv12d76jpz89mltjtyw0000gn/T/TestGetBoard2983361994/001	status --porcelain
designapp.test -test.testlogfile=/var/folders/67/pw7jvbv12d76jpz89mltjtyw0000gn/T/go-build238425281/b326/testlog.txt -test.paniconexit0	/private/var/folders/67/pw7jvbv12d76jpz89mltjtyw0000gn/T/TestGetBoard2983361994/001	for-each-ref --format=%(refname:short) refs/heads
designapp.test -test.testlogfile=/var/folders/67/pw7jvbv12d76jpz89mltjtyw0000gn/T/go-build238425281/b326/testlog.txt -test.paniconexit0	/private/var/folders/67/pw7jvbv12d76jpz89mltjtyw0000gn/T/TestGetBoard2983361994/001	show-ref --verify --quiet refs/remotes/origin/main
designapp.test -test.testlogfile=/var/folders/67/pw7jvbv12d76jpz89mltjtyw0000gn/T/go-build238425281/b326/testlog.txt -test.paniconexit0	/private/var/folders/67/pw7jvbv12d76jpz89mltjtyw0000gn/T/TestGetBoard2983361994/001	show-ref --verify --quiet refs/heads/main
designapp.test -test.testlogfile=/var/folders/67/pw7jvbv12d76jpz89mltjtyw0000gn/T/go-build238425281/b326/testlog.txt -test.paniconexit0	/private/var/folders/67/pw7jvbv12d76jpz89mltjtyw0000gn/T/TestGetBoard2983361994/001	ls-tree main -- .verdi/specs/active/sample/spec.md
designapp.test -test.testlogfile=/var/folders/67/pw7jvbv12d76jpz89mltjtyw0000gn/T/go-build238425281/b326/testlog.txt -test.paniconexit0	/private/var/folders/67/pw7jvbv12d76jpz89mltjtyw0000gn/T/TestGetBoard2983361994/001	symbolic-ref --short -q HEAD
designapp.test -test.testlogfile=/var/folders/67/pw7jvbv12d76jpz89mltjtyw0000gn/T/go-build238425281/b326/testlog.txt -test.paniconexit0	/private/var/folders/67/pw7jvbv12d76jpz89mltjtyw0000gn/T/TestGetBoard2983361994/001	show-ref --verify --quiet refs/remotes/origin/main
designapp.test -test.testlogfile=/var/folders/67/pw7jvbv12d76jpz89mltjtyw0000gn/T/go-build238425281/b326/testlog.txt -test.paniconexit0	/private/var/folders/67/pw7jvbv12d76jpz89mltjtyw0000gn/T/TestGetBoard2983361994/001	show-ref --verify --quiet refs/heads/main
designapp.test -test.testlogfile=/var/folders/67/pw7jvbv12d76jpz89mltjtyw0000gn/T/go-build238425281/b326/testlog.txt -test.paniconexit0	/private/var/folders/67/pw7jvbv12d76jpz89mltjtyw0000gn/T/TestGetBoard2983361994/001	merge-base HEAD main
designapp.test -test.testlogfile=/var/folders/67/pw7jvbv12d76jpz89mltjtyw0000gn/T/go-build238425281/b326/testlog.txt -test.paniconexit0	/private/var/folders/67/pw7jvbv12d76jpz89mltjtyw0000gn/T/TestGetBoard2983361994/001	diff --name-status -M 958ee3c06eaf53292b1f4de01575a208ba2d1356 HEAD
designapp.test -test.testlogfile=/var/folders/67/pw7jvbv12d76jpz89mltjtyw0000gn/T/go-build238425281/b326/testlog.txt -test.paniconexit0	/private/var/folders/67/pw7jvbv12d76jpz89mltjtyw0000gn/T/TestGetBoard2983361994/001	ls-files
designapp.test -test.testlogfile=/var/folders/67/pw7jvbv12d76jpz89mltjtyw0000gn/T/go-build238425281/b326/testlog.txt -test.paniconexit0	/private/var/folders/67/pw7jvbv12d76jpz89mltjtyw0000gn/T/TestGetBoard2983361994/001	show-ref --verify --quiet refs/heads/design/first-story
designapp.test -test.testlogfile=/var/folders/67/pw7jvbv12d76jpz89mltjtyw0000gn/T/go-build238425281/b326/testlog.txt -test.paniconexit0	/private/var/folders/67/pw7jvbv12d76jpz89mltjtyw0000gn/T/TestGetBoard2983361994/001	symbolic-ref --short -q HEAD
designapp.test -test.testlogfile=/var/folders/67/pw7jvbv12d76jpz89mltjtyw0000gn/T/go-build238425281/b326/testlog.txt -test.paniconexit0	/private/var/folders/67/pw7jvbv12d76jpz89mltjtyw0000gn/T/TestGetBoard2983361994/001	rev-parse --verify HEAD
designapp.test -test.testlogfile=/var/folders/67/pw7jvbv12d76jpz89mltjtyw0000gn/T/go-build238425281/b326/testlog.txt -test.paniconexit0	/private/var/folders/67/pw7jvbv12d76jpz89mltjtyw0000gn/T/TestGetBoard2983361994/001	symbolic-ref --short -q HEAD
designapp.test -test.testlogfile=/var/folders/67/pw7jvbv12d76jpz89mltjtyw0000gn/T/go-build238425281/b326/testlog.txt -test.paniconexit0	/private/var/folders/67/pw7jvbv12d76jpz89mltjtyw0000gn/T/TestGetBoard2983361994/001	rev-parse --verify HEAD
designapp.test -test.testlogfile=/var/folders/67/pw7jvbv12d76jpz89mltjtyw0000gn/T/go-build238425281/b326/testlog.txt -test.paniconexit0	/private/var/folders/67/pw7jvbv12d76jpz89mltjtyw0000gn/T/TestGetBoardDoesNotAliasTheLoadersState4103045708/001	symbolic-ref --short -q HEAD
designapp.test -test.testlogfile=/var/folders/67/pw7jvbv12d76jpz89mltjtyw0000gn/T/go-build238425281/b326/testlog.txt -test.paniconexit0	/private/var/folders/67/pw7jvbv12d76jpz89mltjtyw0000gn/T/TestGetBoardDoesNotAliasTheLoadersState4103045708/001	rev-parse --verify HEAD
designapp.test -test.testlogfile=/var/folders/67/pw7jvbv12d76jpz89mltjtyw0000gn/T/go-build238425281/b326/testlog.txt -test.paniconexit0	/private/var/folders/67/pw7jvbv12d76jpz89mltjtyw0000gn/T/TestGetBoardDoesNotAliasTheLoadersState4103045708/001	symbolic-ref --short -q HEAD
designapp.test -test.testlogfile=/var/folders/67/pw7jvbv12d76jpz89mltjtyw0000gn/T/go-build238425281/b326/testlog.txt -test.paniconexit0	/private/var/folders/67/pw7jvbv12d76jpz89mltjtyw0000gn/T/TestGetBoardDoesNotAliasTheLoadersState4103045708/001	show-ref --verify --quiet refs/remotes/origin/main
designapp.test -test.testlogfile=/var/folders/67/pw7jvbv12d76jpz89mltjtyw0000gn/T/go-build238425281/b326/testlog.txt -test.paniconexit0	/private/var/folders/67/pw7jvbv12d76jpz89mltjtyw0000gn/T/TestGetBoardDoesNotAliasTheLoadersState4103045708/001	show-ref --verify --quiet refs/heads/main
designapp.test -test.testlogfile=/var/folders/67/pw7jvbv12d76jpz89mltjtyw0000gn/T/go-build238425281/b326/testlog.txt -test.paniconexit0	/private/var/folders/67/pw7jvbv12d76jpz89mltjtyw0000gn/T/TestGetBoardDoesNotAliasTheLoadersState4103045708/001	status --porcelain
designapp.test -test.testlogfile=/var/folders/67/pw7jvbv12d76jpz89mltjtyw0000gn/T/go-build238425281/b326/testlog.txt -test.paniconexit0	/private/var/folders/67/pw7jvbv12d76jpz89mltjtyw0000gn/T/TestGetBoardDoesNotAliasTheLoadersState4103045708/001	for-each-ref --format=%(refname:short) refs/heads
designapp.test -test.testlogfile=/var/folders/67/pw7jvbv12d76jpz89mltjtyw0000gn/T/go-build238425281/b326/testlog.txt -test.paniconexit0	/private/var/folders/67/pw7jvbv12d76jpz89mltjtyw0000gn/T/TestGetBoardDoesNotAliasTheLoadersState4103045708/001	show-ref --verify --quiet refs/remotes/origin/main
designapp.test -test.testlogfile=/var/folders/67/pw7jvbv12d76jpz89mltjtyw0000gn/T/go-build238425281/b326/testlog.txt -test.paniconexit0	/private/var/folders/67/pw7jvbv12d76jpz89mltjtyw0000gn/T/TestGetBoardDoesNotAliasTheLoadersState4103045708/001	show-ref --verify --quiet refs/heads/main
designapp.test -test.testlogfile=/var/folders/67/pw7jvbv12d76jpz89mltjtyw0000gn/T/go-build238425281/b326/testlog.txt -test.paniconexit0	/private/var/folders/67/pw7jvbv12d76jpz89mltjtyw0000gn/T/TestGetBoardDoesNotAliasTheLoadersState4103045708/001	ls-tree main -- .verdi/specs/active/sample/spec.md
designapp.test -test.testlogfile=/var/folders/67/pw7jvbv12d76jpz89mltjtyw0000gn/T/go-build238425281/b326/testlog.txt -test.paniconexit0	/private/var/folders/67/pw7jvbv12d76jpz89mltjtyw0000gn/T/TestGetBoardDoesNotAliasTheLoadersState4103045708/001	symbolic-ref --short -q HEAD
designapp.test -test.testlogfile=/var/folders/67/pw7jvbv12d76jpz89mltjtyw0000gn/T/go-build238425281/b326/testlog.txt -test.paniconexit0	/private/var/folders/67/pw7jvbv12d76jpz89mltjtyw0000gn/T/TestGetBoardDoesNotAliasTheLoadersState4103045708/001	show-ref --verify --quiet refs/remotes/origin/main
designapp.test -test.testlogfile=/var/folders/67/pw7jvbv12d76jpz89mltjtyw0000gn/T/go-build238425281/b326/testlog.txt -test.paniconexit0	/private/var/folders/67/pw7jvbv12d76jpz89mltjtyw0000gn/T/TestGetBoardDoesNotAliasTheLoadersState4103045708/001	show-ref --verify --quiet refs/heads/main
designapp.test -test.testlogfile=/var/folders/67/pw7jvbv12d76jpz89mltjtyw0000gn/T/go-build238425281/b326/testlog.txt -test.paniconexit0	/private/var/folders/67/pw7jvbv12d76jpz89mltjtyw0000gn/T/TestGetBoardDoesNotAliasTheLoadersState4103045708/001	merge-base HEAD main
verdi.test -test.testlogfile=/var/folders/67/pw7jvbv12d76jpz89mltjtyw0000gn/T/go-build238425281/b001/testlog.txt -test.paniconexit0	/var/folders/67/pw7jvbv12d76jpz89mltjtyw0000gn/T/TestRunAccept_NonMutation2094680887/001	rev-parse --verify HEAD
designapp.test -test.testlogfile=/var/folders/67/pw7jvbv12d76jpz89mltjtyw0000gn/T/go-build238425281/b326/testlog.txt -test.paniconexit0	/private/var/folders/67/pw7jvbv12d76jpz89mltjtyw0000gn/T/TestGetBoardDoesNotAliasTheLoadersState4103045708/001	diff --name-status -M 958ee3c06eaf53292b1f4de01575a208ba2d1356 HEAD
designapp.test -test.testlogfile=/var/folders/67/pw7jvbv12d76jpz89mltjtyw0000gn/T/go-build238425281/b326/testlog.txt -test.paniconexit0	/private/var/folders/67/pw7jvbv12d76jpz89mltjtyw0000gn/T/TestGetBoardDoesNotAliasTheLoadersState4103045708/001	ls-files
designapp.test -test.testlogfile=/var/folders/67/pw7jvbv12d76jpz89mltjtyw0000gn/T/go-build238425281/b326/testlog.txt -test.paniconexit0	/private/var/folders/67/pw7jvbv12d76jpz89mltjtyw0000gn/T/TestGetBoardDoesNotAliasTheLoadersState4103045708/001	show-ref --verify --quiet refs/heads/design/first-story
verdi.test -test.testlogfile=/var/folders/67/pw7jvbv12d76jpz89mltjtyw0000gn/T/go-build238425281/b001/testlog.txt -test.paniconexit0	/var/folders/67/pw7jvbv12d76jpz89mltjtyw0000gn/T/TestRunAccept_NonMutation2094680887/001	rev-parse --verify HEAD
designapp.test -test.testlogfile=/var/folders/67/pw7jvbv12d76jpz89mltjtyw0000gn/T/go-build238425281/b326/testlog.txt -test.paniconexit0	/private/var/folders/67/pw7jvbv12d76jpz89mltjtyw0000gn/T/TestGetBoardDoesNotAliasTheLoadersState4103045708/001	symbolic-ref --short -q HEAD
designapp.test -test.testlogfile=/var/folders/67/pw7jvbv12d76jpz89mltjtyw0000gn/T/go-build238425281/b326/testlog.txt -test.paniconexit0	/private/var/folders/67/pw7jvbv12d76jpz89mltjtyw0000gn/T/TestGetBoardDoesNotAliasTheLoadersState4103045708/001	rev-parse --verify HEAD
designapp.test -test.testlogfile=/var/folders/67/pw7jvbv12d76jpz89mltjtyw0000gn/T/go-build238425281/b326/testlog.txt -test.paniconexit0	/private/var/folders/67/pw7jvbv12d76jpz89mltjtyw0000gn/T/TestGetDesignCapabilitiesdraft-write_mode_reports_the_full_clos3339539708/001	symbolic-ref --short -q HEAD
designapp.test -test.testlogfile=/var/folders/67/pw7jvbv12d76jpz89mltjtyw0000gn/T/go-build238425281/b326/testlog.txt -test.paniconexit0	/private/var/folders/67/pw7jvbv12d76jpz89mltjtyw0000gn/T/TestGetDesignCapabilitiesdraft-write_mode_reports_the_full_clos3339539708/001	rev-parse --verify HEAD
designapp.test -test.testlogfile=/var/folders/67/pw7jvbv12d76jpz89mltjtyw0000gn/T/go-build238425281/b326/testlog.txt -test.paniconexit0	/private/var/folders/67/pw7jvbv12d76jpz89mltjtyw0000gn/T/TestGetDesignCapabilitiesdraft-write_mode_reports_the_full_clos3339539708/001	show-ref --verify --quiet refs/remotes/origin/main
designapp.test -test.testlogfile=/var/folders/67/pw7jvbv12d76jpz89mltjtyw0000gn/T/go-build238425281/b326/testlog.txt -test.paniconexit0	/private/var/folders/67/pw7jvbv12d76jpz89mltjtyw0000gn/T/TestGetDesignCapabilitiesdraft-write_mode_reports_the_full_clos3339539708/001	show-ref --verify --quiet refs/heads/main
designapp.test -test.testlogfile=/var/folders/67/pw7jvbv12d76jpz89mltjtyw0000gn/T/go-build238425281/b326/testlog.txt -test.paniconexit0	/private/var/folders/67/pw7jvbv12d76jpz89mltjtyw0000gn/T/TestGetDesignCapabilitiesdraft-write_mode_reports_the_full_clos3339539708/001	ls-tree main -- .verdi/specs/active/sample/spec.md
designapp.test -test.testlogfile=/var/folders/67/pw7jvbv12d76jpz89mltjtyw0000gn/T/go-build238425281/b326/testlog.txt -test.paniconexit0	/private/var/folders/67/pw7jvbv12d76jpz89mltjtyw0000gn/T/TestGetDesignCapabilitiesproposal-only_mode_reports_no_permitte1811049844/001	symbolic-ref --short -q HEAD
designapp.test -test.testlogfile=/var/folders/67/pw7jvbv12d76jpz89mltjtyw0000gn/T/go-build238425281/b326/testlog.txt -test.paniconexit0	/private/var/folders/67/pw7jvbv12d76jpz89mltjtyw0000gn/T/TestGetDesignCapabilitiesproposal-only_mode_reports_no_permitte1811049844/001	rev-parse --verify HEAD
designapp.test -test.testlogfile=/var/folders/67/pw7jvbv12d76jpz89mltjtyw0000gn/T/go-build238425281/b326/testlog.txt -test.paniconexit0	/private/var/folders/67/pw7jvbv12d76jpz89mltjtyw0000gn/T/TestGetDesignCapabilitiesproposal-only_mode_reports_no_permitte1811049844/001	show-ref --verify --quiet refs/remotes/origin/main
designapp.test -test.testlogfile=/var/folders/67/pw7jvbv12d76jpz89mltjtyw0000gn/T/go-build238425281/b326/testlog.txt -test.paniconexit0	/private/var/folders/67/pw7jvbv12d76jpz89mltjtyw0000gn/T/TestGetDesignCapabilitiesproposal-only_mode_reports_no_permitte1811049844/001	show-ref --verify --quiet refs/heads/main
designapp.test -test.testlogfile=/var/folders/67/pw7jvbv12d76jpz89mltjtyw0000gn/T/go-build238425281/b326/testlog.txt -test.paniconexit0	/private/var/folders/67/pw7jvbv12d76jpz89mltjtyw0000gn/T/TestGetDesignCapabilitiesproposal-only_mode_reports_no_permitte1811049844/001	ls-tree main -- .verdi/specs/active/sample/spec.md
wtmanager.test -test.testlogfile=/var/folders/67/pw7jvbv12d76jpz89mltjtyw0000gn/T/go-build238425281/b331/testlog.txt -test.paniconexit0	/var/folders/67/pw7jvbv12d76jpz89mltjtyw0000gn/T/TestEnsureWorktree_FirstCallCutsRealWorktree4280517217/001	checkout -b design/x
verdi.test -test.testlogfile=/var/folders/67/pw7jvbv12d76jpz89mltjtyw0000gn/T/go-build238425281/b001/testlog.txt -test.paniconexit0	/var/folders/67/pw7jvbv12d76jpz89mltjtyw0000gn/T/TestRunAccept_Diagram_Happy708592605/001	rev-parse --verify HEAD
verdi.test -test.testlogfile=/var/folders/67/pw7jvbv12d76jpz89mltjtyw0000gn/T/go-build238425281/b001/testlog.txt -test.paniconexit0	/var/folders/67/pw7jvbv12d76jpz89mltjtyw0000gn/T/TestRunAccept_Diagram_Happy708592605/001	rev-parse --verify HEAD
wtmanager.test -test.testlogfile=/var/folders/67/pw7jvbv12d76jpz89mltjtyw0000gn/T/go-build238425281/b331/testlog.txt -test.paniconexit0	/var/folders/67/pw7jvbv12d76jpz89mltjtyw0000gn/T/TestEnsureWorktree_FirstCallCutsRealWorktree4280517217/001	status --porcelain
verdi.test -test.testlogfile=/var/folders/67/pw7jvbv12d76jpz89mltjtyw0000gn/T/go-build238425281/b001/testlog.txt -test.paniconexit0	/var/folders/67/pw7jvbv12d76jpz89mltjtyw0000gn/T/TestRunAccept_Diagram_Happy708592605/001	log -1 --format=%cI 50c2452cea89f01ba8e889e46c9dbd404da69a03
wtmanager.test -test.testlogfile=/var/folders/67/pw7jvbv12d76jpz89mltjtyw0000gn/T/go-build238425281/b331/testlog.txt -test.paniconexit0	/var/folders/67/pw7jvbv12d76jpz89mltjtyw0000gn/T/TestEnsureWorktree_FirstCallCutsRealWorktree4280517217/001	checkout main
verdi.test -test.testlogfile=/var/folders/67/pw7jvbv12d76jpz89mltjtyw0000gn/T/go-build238425281/b001/testlog.txt -test.paniconexit0	/var/folders/67/pw7jvbv12d76jpz89mltjtyw0000gn/T/TestRunAccept_Diagram_Happy708592605/001	add -- /var/folders/67/pw7jvbv12d76jpz89mltjtyw0000gn/T/TestRunAccept_Diagram_Happy708592605/001/.verdi/diagrams/loansvc-target-topology.mermaid
wtmanager.test -test.testlogfile=/var/folders/67/pw7jvbv12d76jpz89mltjtyw0000gn/T/go-build238425281/b331/testlog.txt -test.paniconexit0	/var/folders/67/pw7jvbv12d76jpz89mltjtyw0000gn/T/TestEnsureWorktree_FirstCallCutsRealWorktree4280517217/001	rev-parse --verify HEAD
verdi.test -test.testlogfile=/var/folders/67/pw7jvbv12d76jpz89mltjtyw0000gn/T/go-build238425281/b001/testlog.txt -test.paniconexit0	/var/folders/67/pw7jvbv12d76jpz89mltjtyw0000gn/T/TestRunAccept_Diagram_Happy708592605/001	commit -m accept: diagram/loansvc-target-topology proposed -> accepted
wtmanager.test -test.testlogfile=/var/folders/67/pw7jvbv12d76jpz89mltjtyw0000gn/T/go-build238425281/b331/testlog.txt -test.paniconexit0	/var/folders/67/pw7jvbv12d76jpz89mltjtyw0000gn/T/TestEnsureWorktree_FirstCallCutsRealWorktree4280517217/001	symbolic-ref --short -q HEAD
wtmanager.test -test.testlogfile=/var/folders/67/pw7jvbv12d76jpz89mltjtyw0000gn/T/go-build238425281/b331/testlog.txt -test.paniconexit0	/var/folders/67/pw7jvbv12d76jpz89mltjtyw0000gn/T/TestEnsureWorktree_FirstCallCutsRealWorktree4280517217/001	status --porcelain
verdi.test -test.testlogfile=/var/folders/67/pw7jvbv12d76jpz89mltjtyw0000gn/T/go-build238425281/b001/testlog.txt -test.paniconexit0	/var/folders/67/pw7jvbv12d76jpz89mltjtyw0000gn/T/TestRunAccept_Diagram_Happy708592605/001	rev-parse --verify HEAD
verdi.test -test.testlogfile=/var/folders/67/pw7jvbv12d76jpz89mltjtyw0000gn/T/go-build238425281/b001/testlog.txt -test.paniconexit0	/var/folders/67/pw7jvbv12d76jpz89mltjtyw0000gn/T/TestRunAccept_Diagram_Happy708592605/001	rev-parse --verify HEAD
wtmanager.test -test.testlogfile=/var/folders/67/pw7jvbv12d76jpz89mltjtyw0000gn/T/go-build238425281/b331/testlog.txt -test.paniconexit0	/var/folders/67/pw7jvbv12d76jpz89mltjtyw0000gn/T/TestEnsureWorktree_FirstCallCutsRealWorktree4280517217/001	show-ref --verify --quiet refs/heads/design/x
wtmanager.test -test.testlogfile=/var/folders/67/pw7jvbv12d76jpz89mltjtyw0000gn/T/go-build238425281/b331/testlog.txt -test.paniconexit0	/var/folders/67/pw7jvbv12d76jpz89mltjtyw0000gn/T/TestEnsureWorktree_FirstCallCutsRealWorktree4280517217/001	symbolic-ref --short -q HEAD
wtmanager.test -test.testlogfile=/var/folders/67/pw7jvbv12d76jpz89mltjtyw0000gn/T/go-build238425281/b331/testlog.txt -test.paniconexit0	/var/folders/67/pw7jvbv12d76jpz89mltjtyw0000gn/T/TestEnsureWorktree_FirstCallCutsRealWorktree4280517217/001	worktree add /var/folders/67/pw7jvbv12d76jpz89mltjtyw0000gn/T/TestEnsureWorktree_FirstCallCutsRealWorktree4280517217/001/.verdi/data/worktrees/x design/x
wtmanager.test -test.testlogfile=/var/folders/67/pw7jvbv12d76jpz89mltjtyw0000gn/T/go-build238425281/b331/testlog.txt -test.paniconexit0	/var/folders/67/pw7jvbv12d76jpz89mltjtyw0000gn/T/TestEnsureWorktree_FirstCallCutsRealWorktree4280517217/001	rev-parse --verify HEAD
wtmanager.test -test.testlogfile=/var/folders/67/pw7jvbv12d76jpz89mltjtyw0000gn/T/go-build238425281/b331/testlog.txt -test.paniconexit0	/var/folders/67/pw7jvbv12d76jpz89mltjtyw0000gn/T/TestEnsureWorktree_FirstCallCutsRealWorktree4280517217/001	symbolic-ref --short -q HEAD
wtmanager.test -test.testlogfile=/var/folders/67/pw7jvbv12d76jpz89mltjtyw0000gn/T/go-build238425281/b331/testlog.txt -test.paniconexit0	/var/folders/67/pw7jvbv12d76jpz89mltjtyw0000gn/T/TestEnsureWorktree_FirstCallCutsRealWorktree4280517217/001	status --porcelain
verdi.test -test.testlogfile=/var/folders/67/pw7jvbv12d76jpz89mltjtyw0000gn/T/go-build238425281/b001/testlog.txt -test.paniconexit0	/var/folders/67/pw7jvbv12d76jpz89mltjtyw0000gn/T/TestRunAccept_Diagram_ByteIdentityRegression2265532487/001	rev-parse --verify HEAD
verdi.test -test.testlogfile=/var/folders/67/pw7jvbv12d76jpz89mltjtyw0000gn/T/go-build238425281/b001/testlog.txt -test.paniconexit0	/var/folders/67/pw7jvbv12d76jpz89mltjtyw0000gn/T/TestRunAccept_Diagram_ByteIdentityRegression2265532487/001	log -1 --format=%cI 50c2452cea89f01ba8e889e46c9dbd404da69a03
verdi.test -test.testlogfile=/var/folders/67/pw7jvbv12d76jpz89mltjtyw0000gn/T/go-build238425281/b001/testlog.txt -test.paniconexit0	/var/folders/67/pw7jvbv12d76jpz89mltjtyw0000gn/T/TestRunAccept_Diagram_ByteIdentityRegression2265532487/001	add -- /var/folders/67/pw7jvbv12d76jpz89mltjtyw0000gn/T/TestRunAccept_Diagram_ByteIdentityRegression2265532487/001/.verdi/diagrams/loansvc-target-topology.mermaid
verdi.test -test.testlogfile=/var/folders/67/pw7jvbv12d76jpz89mltjtyw0000gn/T/go-build238425281/b001/testlog.txt -test.paniconexit0	/var/folders/67/pw7jvbv12d76jpz89mltjtyw0000gn/T/TestRunAccept_Diagram_ByteIdentityRegression2265532487/001	commit -m accept: diagram/loansvc-target-topology proposed -> accepted
commitdesign.test -test.testlogfile=/var/folders/67/pw7jvbv12d76jpz89mltjtyw0000gn/T/go-build238425281/b334/testlog.txt -test.paniconexit0	/var/folders/67/pw7jvbv12d76jpz89mltjtyw0000gn/T/TestRun_Happy1969339901/001	rev-parse --verify HEAD
commitdesign.test -test.testlogfile=/var/folders/67/pw7jvbv12d76jpz89mltjtyw0000gn/T/go-build238425281/b334/testlog.txt -test.paniconexit0	/var/folders/67/pw7jvbv12d76jpz89mltjtyw0000gn/T/TestRun_Happy1969339901/001	log -1 --format=%cI bed0166252df7a809fcff5ce75ca85566c30ee52
designapp.test -test.testlogfile=/var/folders/67/pw7jvbv12d76jpz89mltjtyw0000gn/T/go-build238425281/b326/testlog.txt -test.paniconexit0	/private/var/folders/67/pw7jvbv12d76jpz89mltjtyw0000gn/T/TestGetDesignCapabilitiesmissing_spec_is_not-found2654716822/001	symbolic-ref --short -q HEAD
verdi.test -test.testlogfile=/var/folders/67/pw7jvbv12d76jpz89mltjtyw0000gn/T/go-build238425281/b001/testlog.txt -test.paniconexit0	/var/folders/67/pw7jvbv12d76jpz89mltjtyw0000gn/T/TestRunAccept_Diagram_ByteIdentityRegression2265532487/001	rev-parse --verify HEAD
designapp.test -test.testlogfile=/var/folders/67/pw7jvbv12d76jpz89mltjtyw0000gn/T/go-build238425281/b326/testlog.txt -test.paniconexit0	/private/var/folders/67/pw7jvbv12d76jpz89mltjtyw0000gn/T/TestGetDesignCapabilitiesmissing_spec_is_not-found2654716822/001	rev-parse --verify HEAD
commitdesign.test -test.testlogfile=/var/folders/67/pw7jvbv12d76jpz89mltjtyw0000gn/T/go-build238425281/b334/testlog.txt -test.paniconexit0	/var/folders/67/pw7jvbv12d76jpz89mltjtyw0000gn/T/TestRun_Happy1969339901/001	add -- /var/folders/67/pw7jvbv12d76jpz89mltjtyw0000gn/T/TestRun_Happy1969339901/001/.verdi/specs/active/my-new-feature
commitdesign.test -test.testlogfile=/var/folders/67/pw7jvbv12d76jpz89mltjtyw0000gn/T/go-build238425281/b334/testlog.txt -test.paniconexit0	/var/folders/67/pw7jvbv12d76jpz89mltjtyw0000gn/T/TestRun_Happy1969339901/001	commit -m commit-to-design: spec/my-new-feature from board STORY-1482
wtmanager.test -test.testlogfile=/var/folders/67/pw7jvbv12d76jpz89mltjtyw0000gn/T/go-build238425281/b331/testlog.txt -test.paniconexit0	/var/folders/67/pw7jvbv12d76jpz89mltjtyw0000gn/T/TestEnsureWorktree_SecondCallReusesNoRecut781470874/001	checkout -b design/x
commitdesign.test -test.testlogfile=/var/folders/67/pw7jvbv12d76jpz89mltjtyw0000gn/T/go-build238425281/b334/testlog.txt -test.paniconexit0	/var/folders/67/pw7jvbv12d76jpz89mltjtyw0000gn/T/TestRun_Happy1969339901/001	rev-parse --verify HEAD
commitdesign.test -test.testlogfile=/var/folders/67/pw7jvbv12d76jpz89mltjtyw0000gn/T/go-build238425281/b334/testlog.txt -test.paniconexit0	/var/folders/67/pw7jvbv12d76jpz89mltjtyw0000gn/T/TestRun_Happy1969339901/001	log -1 --format=%cI bed0166252df7a809fcff5ce75ca85566c30ee52
wtmanager.test -test.testlogfile=/var/folders/67/pw7jvbv12d76jpz89mltjtyw0000gn/T/go-build238425281/b331/testlog.txt -test.paniconexit0	/var/folders/67/pw7jvbv12d76jpz89mltjtyw0000gn/T/TestEnsureWorktree_SecondCallReusesNoRecut781470874/001	status --porcelain
commitdesign.test -test.testlogfile=/var/folders/67/pw7jvbv12d76jpz89mltjtyw0000gn/T/go-build238425281/b334/testlog.txt -test.paniconexit0	/var/folders/67/pw7jvbv12d76jpz89mltjtyw0000gn/T/TestRun_Happy1969339901/001	rev-parse --verify HEAD
wtmanager.test -test.testlogfile=/var/folders/67/pw7jvbv12d76jpz89mltjtyw0000gn/T/go-build238425281/b331/testlog.txt -test.paniconexit0	/var/folders/67/pw7jvbv12d76jpz89mltjtyw0000gn/T/TestEnsureWorktree_SecondCallReusesNoRecut781470874/001	checkout main
wtmanager.test -test.testlogfile=/var/folders/67/pw7jvbv12d76jpz89mltjtyw0000gn/T/go-build238425281/b331/testlog.txt -test.paniconexit0	/var/folders/67/pw7jvbv12d76jpz89mltjtyw0000gn/T/TestEnsureWorktree_SecondCallReusesNoRecut781470874/001	show-ref --verify --quiet refs/heads/design/x
wtmanager.test -test.testlogfile=/var/folders/67/pw7jvbv12d76jpz89mltjtyw0000gn/T/go-build238425281/b331/testlog.txt -test.paniconexit0	/var/folders/67/pw7jvbv12d76jpz89mltjtyw0000gn/T/TestEnsureWorktree_SecondCallReusesNoRecut781470874/001	symbolic-ref --short -q HEAD
wtmanager.test -test.testlogfile=/var/folders/67/pw7jvbv12d76jpz89mltjtyw0000gn/T/go-build238425281/b331/testlog.txt -test.paniconexit0	/var/folders/67/pw7jvbv12d76jpz89mltjtyw0000gn/T/TestEnsureWorktree_SecondCallReusesNoRecut781470874/001	worktree add /var/folders/67/pw7jvbv12d76jpz89mltjtyw0000gn/T/TestEnsureWorktree_SecondCallReusesNoRecut781470874/001/.verdi/data/worktrees/x design/x
designapp.test -test.testlogfile=/var/folders/67/pw7jvbv12d76jpz89mltjtyw0000gn/T/go-build238425281/b326/testlog.txt -test.paniconexit0	/private/var/folders/67/pw7jvbv12d76jpz89mltjtyw0000gn/T/TestGetDesignCapabilitiesno_policy_authority_adopted_is_a_verdi855977996/001	symbolic-ref --short -q HEAD
designapp.test -test.testlogfile=/var/folders/67/pw7jvbv12d76jpz89mltjtyw0000gn/T/go-build238425281/b326/testlog.txt -test.paniconexit0	/private/var/folders/67/pw7jvbv12d76jpz89mltjtyw0000gn/T/TestGetDesignCapabilitiesno_policy_authority_adopted_is_a_verdi855977996/001	rev-parse --verify HEAD
designapp.test -test.testlogfile=/var/folders/67/pw7jvbv12d76jpz89mltjtyw0000gn/T/go-build238425281/b326/testlog.txt -test.paniconexit0	/private/var/folders/67/pw7jvbv12d76jpz89mltjtyw0000gn/T/TestGetDesignCapabilitiesno_policy_authority_adopted_is_a_verdi855977996/001	show-ref --verify --quiet refs/remotes/origin/main
designapp.test -test.testlogfile=/var/folders/67/pw7jvbv12d76jpz89mltjtyw0000gn/T/go-build238425281/b326/testlog.txt -test.paniconexit0	/private/var/folders/67/pw7jvbv12d76jpz89mltjtyw0000gn/T/TestGetDesignCapabilitiesno_policy_authority_adopted_is_a_verdi855977996/001	show-ref --verify --quiet refs/heads/main
commitdesign.test -test.testlogfile=/var/folders/67/pw7jvbv12d76jpz89mltjtyw0000gn/T/go-build238425281/b334/testlog.txt -test.paniconexit0	/var/folders/67/pw7jvbv12d76jpz89mltjtyw0000gn/T/TestRun_Happy_StoryRefDefaultsFromBoardKey1387710005/001	rev-parse --verify HEAD
designapp.test -test.testlogfile=/var/folders/67/pw7jvbv12d76jpz89mltjtyw0000gn/T/go-build238425281/b326/testlog.txt -test.paniconexit0	/private/var/folders/67/pw7jvbv12d76jpz89mltjtyw0000gn/T/TestGetDesignCapabilitiesno_policy_authority_adopted_is_a_verdi855977996/001	ls-tree main -- .verdi/specs/active/sample/spec.md
commitdesign.test -test.testlogfile=/var/folders/67/pw7jvbv12d76jpz89mltjtyw0000gn/T/go-build238425281/b334/testlog.txt -test.paniconexit0	/var/folders/67/pw7jvbv12d76jpz89mltjtyw0000gn/T/TestRun_Happy_StoryRefDefaultsFromBoardKey1387710005/001	log -1 --format=%cI bed0166252df7a809fcff5ce75ca85566c30ee52
commitdesign.test -test.testlogfile=/var/folders/67/pw7jvbv12d76jpz89mltjtyw0000gn/T/go-build238425281/b334/testlog.txt -test.paniconexit0	/var/folders/67/pw7jvbv12d76jpz89mltjtyw0000gn/T/TestRun_Happy_StoryRefDefaultsFromBoardKey1387710005/001	add -- /var/folders/67/pw7jvbv12d76jpz89mltjtyw0000gn/T/TestRun_Happy_StoryRefDefaultsFromBoardKey1387710005/001/.verdi/specs/active/no-story-flag
commitdesign.test -test.testlogfile=/var/folders/67/pw7jvbv12d76jpz89mltjtyw0000gn/T/go-build238425281/b334/testlog.txt -test.paniconexit0	/var/folders/67/pw7jvbv12d76jpz89mltjtyw0000gn/T/TestRun_Happy_StoryRefDefaultsFromBoardKey1387710005/001	commit -m commit-to-design: spec/no-story-flag from board jira:LOAN-2000
commitdesign.test -test.testlogfile=/var/folders/67/pw7jvbv12d76jpz89mltjtyw0000gn/T/go-build238425281/b334/testlog.txt -test.paniconexit0	/var/folders/67/pw7jvbv12d76jpz89mltjtyw0000gn/T/TestRun_Happy_StoryRefDefaultsFromBoardKey1387710005/001	rev-parse --verify HEAD
wtmanager.test -test.testlogfile=/var/folders/67/pw7jvbv12d76jpz89mltjtyw0000gn/T/go-build238425281/b331/testlog.txt -test.paniconexit0	/var/folders/67/pw7jvbv12d76jpz89mltjtyw0000gn/T/TestEnsureWorktree_Negative_RemoteTrackingOnly1946866820/001	checkout -b design/x
wtmanager.test -test.testlogfile=/var/folders/67/pw7jvbv12d76jpz89mltjtyw0000gn/T/go-build238425281/b331/testlog.txt -test.paniconexit0	/var/folders/67/pw7jvbv12d76jpz89mltjtyw0000gn/T/TestEnsureWorktree_Negative_RemoteTrackingOnly1946866820/001	status --porcelain
wtmanager.test -test.testlogfile=/var/folders/67/pw7jvbv12d76jpz89mltjtyw0000gn/T/go-build238425281/b331/testlog.txt -test.paniconexit0	/var/folders/67/pw7jvbv12d76jpz89mltjtyw0000gn/T/TestEnsureWorktree_Negative_RemoteTrackingOnly1946866820/001	checkout main
wtmanager.test -test.testlogfile=/var/folders/67/pw7jvbv12d76jpz89mltjtyw0000gn/T/go-build238425281/b331/testlog.txt -test.paniconexit0	/var/folders/67/pw7jvbv12d76jpz89mltjtyw0000gn/T/TestEnsureWorktree_Negative_RemoteTrackingOnly1946866820/001	rev-parse --verify HEAD
wtmanager.test -test.testlogfile=/var/folders/67/pw7jvbv12d76jpz89mltjtyw0000gn/T/go-build238425281/b331/testlog.txt -test.paniconexit0	/var/folders/67/pw7jvbv12d76jpz89mltjtyw0000gn/T/TestEnsureWorktree_Negative_RemoteTrackingOnly1946866820/001	update-ref refs/remotes/origin/design/y dcd7f3f10de0a34aa39a42d7992bd22ae1d65d26 0000000000000000000000000000000000000000
wtmanager.test -test.testlogfile=/var/folders/67/pw7jvbv12d76jpz89mltjtyw0000gn/T/go-build238425281/b331/testlog.txt -test.paniconexit0	/var/folders/67/pw7jvbv12d76jpz89mltjtyw0000gn/T/TestEnsureWorktree_Negative_RemoteTrackingOnly1946866820/001	show-ref --verify --quiet refs/heads/design/y
designapp.test -test.testlogfile=/var/folders/67/pw7jvbv12d76jpz89mltjtyw0000gn/T/go-build238425281/b326/testlog.txt -test.paniconexit0	/private/var/folders/67/pw7jvbv12d76jpz89mltjtyw0000gn/T/TestGetDesignCapabilitiesnil_state_projector_is_operational3321781578/001	symbolic-ref --short -q HEAD
designapp.test -test.testlogfile=/var/folders/67/pw7jvbv12d76jpz89mltjtyw0000gn/T/go-build238425281/b326/testlog.txt -test.paniconexit0	/private/var/folders/67/pw7jvbv12d76jpz89mltjtyw0000gn/T/TestGetDesignCapabilitiesnil_state_projector_is_operational3321781578/001	rev-parse --verify HEAD
wtmanager.test -test.testlogfile=/var/folders/67/pw7jvbv12d76jpz89mltjtyw0000gn/T/go-build238425281/b331/testlog.txt -test.paniconexit0	/var/folders/67/pw7jvbv12d76jpz89mltjtyw0000gn/T/TestEnsureWorktree_Negative_NonexistentBranch4041852317/001	checkout -b design/x
wtmanager.test -test.testlogfile=/var/folders/67/pw7jvbv12d76jpz89mltjtyw0000gn/T/go-build238425281/b331/testlog.txt -test.paniconexit0	/var/folders/67/pw7jvbv12d76jpz89mltjtyw0000gn/T/TestEnsureWorktree_Negative_NonexistentBranch4041852317/001	status --porcelain
wtmanager.test -test.testlogfile=/var/folders/67/pw7jvbv12d76jpz89mltjtyw0000gn/T/go-build238425281/b331/testlog.txt -test.paniconexit0	/var/folders/67/pw7jvbv12d76jpz89mltjtyw0000gn/T/TestEnsureWorktree_Negative_NonexistentBranch4041852317/001	checkout main
designapp.test -test.testlogfile=/var/folders/67/pw7jvbv12d76jpz89mltjtyw0000gn/T/go-build238425281/b326/testlog.txt -test.paniconexit0	/private/var/folders/67/pw7jvbv12d76jpz89mltjtyw0000gn/T/TestGetDesignCapabilitiesnil_policy_source_is_operational3414496254/001	symbolic-ref --short -q HEAD
wtmanager.test -test.testlogfile=/var/folders/67/pw7jvbv12d76jpz89mltjtyw0000gn/T/go-build238425281/b331/testlog.txt -test.paniconexit0	/var/folders/67/pw7jvbv12d76jpz89mltjtyw0000gn/T/TestEnsureWorktree_Negative_NonexistentBranch4041852317/001	show-ref --verify --quiet refs/heads/design/nope
designapp.test -test.testlogfile=/var/folders/67/pw7jvbv12d76jpz89mltjtyw0000gn/T/go-build238425281/b326/testlog.txt -test.paniconexit0	/private/var/folders/67/pw7jvbv12d76jpz89mltjtyw0000gn/T/TestGetDesignCapabilitiesnil_policy_source_is_operational3414496254/001	rev-parse --verify HEAD
designapp.test -test.testlogfile=/var/folders/67/pw7jvbv12d76jpz89mltjtyw0000gn/T/go-build238425281/b326/testlog.txt -test.paniconexit0	/private/var/folders/67/pw7jvbv12d76jpz89mltjtyw0000gn/T/TestGetDesignCapabilitiesnil_policy_source_is_operational3414496254/001	show-ref --verify --quiet refs/remotes/origin/main
designapp.test -test.testlogfile=/var/folders/67/pw7jvbv12d76jpz89mltjtyw0000gn/T/go-build238425281/b326/testlog.txt -test.paniconexit0	/private/var/folders/67/pw7jvbv12d76jpz89mltjtyw0000gn/T/TestGetDesignCapabilitiesnil_policy_source_is_operational3414496254/001	show-ref --verify --quiet refs/heads/main
designapp.test -test.testlogfile=/var/folders/67/pw7jvbv12d76jpz89mltjtyw0000gn/T/go-build238425281/b326/testlog.txt -test.paniconexit0	/private/var/folders/67/pw7jvbv12d76jpz89mltjtyw0000gn/T/TestGetDesignCapabilitiesnil_policy_source_is_operational3414496254/001	ls-tree main -- .verdi/specs/active/sample/spec.md
verdi.test -test.testlogfile=/var/folders/67/pw7jvbv12d76jpz89mltjtyw0000gn/T/go-build238425281/b001/testlog.txt -test.paniconexit0	/var/folders/67/pw7jvbv12d76jpz89mltjtyw0000gn/T/TestScaffoldMissingObligationsscaffolds_only_the_missing_pair,_3447271023/001	rev-parse --verify HEAD
verdi.test -test.testlogfile=/var/folders/67/pw7jvbv12d76jpz89mltjtyw0000gn/T/go-build238425281/b001/testlog.txt -test.paniconexit0	/var/folders/67/pw7jvbv12d76jpz89mltjtyw0000gn/T/TestScaffoldMissingObligationsscaffolds_only_the_missing_pair,_3447271023/001	log -1 --format=%cI d725d5939450d88b4f5b7e3881a1f5ff8198d59a
wtmanager.test -test.testlogfile=/var/folders/67/pw7jvbv12d76jpz89mltjtyw0000gn/T/go-build238425281/b331/testlog.txt -test.paniconexit0	/var/folders/67/pw7jvbv12d76jpz89mltjtyw0000gn/T/TestEnsureWorktree_Negative_AlreadyCheckedOutHere93929204/001	checkout -b design/x
wtmanager.test -test.testlogfile=/var/folders/67/pw7jvbv12d76jpz89mltjtyw0000gn/T/go-build238425281/b331/testlog.txt -test.paniconexit0	/var/folders/67/pw7jvbv12d76jpz89mltjtyw0000gn/T/TestEnsureWorktree_Negative_AlreadyCheckedOutHere93929204/001	status --porcelain
wtmanager.test -test.testlogfile=/var/folders/67/pw7jvbv12d76jpz89mltjtyw0000gn/T/go-build238425281/b331/testlog.txt -test.paniconexit0	/var/folders/67/pw7jvbv12d76jpz89mltjtyw0000gn/T/TestEnsureWorktree_Negative_AlreadyCheckedOutHere93929204/001	checkout main
wtmanager.test -test.testlogfile=/var/folders/67/pw7jvbv12d76jpz89mltjtyw0000gn/T/go-build238425281/b331/testlog.txt -test.paniconexit0	/var/folders/67/pw7jvbv12d76jpz89mltjtyw0000gn/T/TestEnsureWorktree_Negative_AlreadyCheckedOutHere93929204/001	status --porcelain
wtmanager.test -test.testlogfile=/var/folders/67/pw7jvbv12d76jpz89mltjtyw0000gn/T/go-build238425281/b331/testlog.txt -test.paniconexit0	/var/folders/67/pw7jvbv12d76jpz89mltjtyw0000gn/T/TestEnsureWorktree_Negative_AlreadyCheckedOutHere93929204/001	checkout design/x
verdi.test -test.testlogfile=/var/folders/67/pw7jvbv12d76jpz89mltjtyw0000gn/T/go-build238425281/b001/testlog.txt -test.paniconexit0	/var/folders/67/pw7jvbv12d76jpz89mltjtyw0000gn/T/TestScaffoldMissingObligationsmalformed_existing_file_at_the_co2013886029/001	rev-parse --verify HEAD
designapp.test -test.testlogfile=/var/folders/67/pw7jvbv12d76jpz89mltjtyw0000gn/T/go-build238425281/b326/testlog.txt -test.paniconexit0	/private/var/folders/67/pw7jvbv12d76jpz89mltjtyw0000gn/T/TestGetDesignCapabilitiesMutabilitymutable_draft_on_its_own_des3133225486/001	symbolic-ref --short -q HEAD
verdi.test -test.testlogfile=/var/folders/67/pw7jvbv12d76jpz89mltjtyw0000gn/T/go-build238425281/b001/testlog.txt -test.paniconexit0	/var/folders/67/pw7jvbv12d76jpz89mltjtyw0000gn/T/TestScaffoldMissingObligationsmalformed_existing_file_at_the_co2013886029/001	log -1 --format=%cI 8d61de6ea85ed909c57948f643b27ed312eb34f1
wtmanager.test -test.testlogfile=/var/folders/67/pw7jvbv12d76jpz89mltjtyw0000gn/T/go-build238425281/b331/testlog.txt -test.paniconexit0	/var/folders/67/pw7jvbv12d76jpz89mltjtyw0000gn/T/TestEnsureWorktree_Negative_AlreadyCheckedOutHere93929204/001	show-ref --verify --quiet refs/heads/design/x
designapp.test -test.testlogfile=/var/folders/67/pw7jvbv12d76jpz89mltjtyw0000gn/T/go-build238425281/b326/testlog.txt -test.paniconexit0	/private/var/folders/67/pw7jvbv12d76jpz89mltjtyw0000gn/T/TestGetDesignCapabilitiesMutabilitymutable_draft_on_its_own_des3133225486/001	rev-parse --verify HEAD
wtmanager.test -test.testlogfile=/var/folders/67/pw7jvbv12d76jpz89mltjtyw0000gn/T/go-build238425281/b331/testlog.txt -test.paniconexit0	/var/folders/67/pw7jvbv12d76jpz89mltjtyw0000gn/T/TestEnsureWorktree_Negative_AlreadyCheckedOutHere93929204/001	symbolic-ref --short -q HEAD
designapp.test -test.testlogfile=/var/folders/67/pw7jvbv12d76jpz89mltjtyw0000gn/T/go-build238425281/b326/testlog.txt -test.paniconexit0	/private/var/folders/67/pw7jvbv12d76jpz89mltjtyw0000gn/T/TestGetDesignCapabilitiesMutabilitymutable_draft_on_its_own_des3133225486/001	show-ref --verify --quiet refs/remotes/origin/main
designapp.test -test.testlogfile=/var/folders/67/pw7jvbv12d76jpz89mltjtyw0000gn/T/go-build238425281/b326/testlog.txt -test.paniconexit0	/private/var/folders/67/pw7jvbv12d76jpz89mltjtyw0000gn/T/TestGetDesignCapabilitiesMutabilitymutable_draft_on_its_own_des3133225486/001	show-ref --verify --quiet refs/heads/main
designapp.test -test.testlogfile=/var/folders/67/pw7jvbv12d76jpz89mltjtyw0000gn/T/go-build238425281/b326/testlog.txt -test.paniconexit0	/private/var/folders/67/pw7jvbv12d76jpz89mltjtyw0000gn/T/TestGetDesignCapabilitiesMutabilitymutable_draft_on_its_own_des3133225486/001	ls-tree main -- .verdi/specs/active/sample/spec.md
designapp.test -test.testlogfile=/var/folders/67/pw7jvbv12d76jpz89mltjtyw0000gn/T/go-build238425281/b326/testlog.txt -test.paniconexit0	/private/var/folders/67/pw7jvbv12d76jpz89mltjtyw0000gn/T/TestGetDesignCapabilitiesMutabilitymutable_draft_on_its_own_des3133225486/001	symbolic-ref --short -q HEAD
designapp.test -test.testlogfile=/var/folders/67/pw7jvbv12d76jpz89mltjtyw0000gn/T/go-build238425281/b326/testlog.txt -test.paniconexit0	/private/var/folders/67/pw7jvbv12d76jpz89mltjtyw0000gn/T/TestGetDesignCapabilitiesMutabilitymutable_draft_on_its_own_des3133225486/001	rev-parse --verify HEAD
designapp.test -test.testlogfile=/var/folders/67/pw7jvbv12d76jpz89mltjtyw0000gn/T/go-build238425281/b326/testlog.txt -test.paniconexit0	/private/var/folders/67/pw7jvbv12d76jpz89mltjtyw0000gn/T/TestGetDesignCapabilitiesMutabilitymutable_draft_on_its_own_des3133225486/001	symbolic-ref --short -q HEAD
designapp.test -test.testlogfile=/var/folders/67/pw7jvbv12d76jpz89mltjtyw0000gn/T/go-build238425281/b326/testlog.txt -test.paniconexit0	/private/var/folders/67/pw7jvbv12d76jpz89mltjtyw0000gn/T/TestGetDesignCapabilitiesMutabilitymutable_draft_on_its_own_des3133225486/001	rev-parse --verify HEAD
commitdesign.test -test.testlogfile=/var/folders/67/pw7jvbv12d76jpz89mltjtyw0000gn/T/go-build238425281/b334/testlog.txt -test.paniconexit0	/var/folders/67/pw7jvbv12d76jpz89mltjtyw0000gn/T/TestRun_Negativespec_already_exists3858108186/001	rev-parse --verify HEAD
commitdesign.test -test.testlogfile=/var/folders/67/pw7jvbv12d76jpz89mltjtyw0000gn/T/go-build238425281/b334/testlog.txt -test.paniconexit0	/var/folders/67/pw7jvbv12d76jpz89mltjtyw0000gn/T/TestRun_Negativespec_already_exists3858108186/001	log -1 --format=%cI bed0166252df7a809fcff5ce75ca85566c30ee52
designapp.test -test.testlogfile=/var/folders/67/pw7jvbv12d76jpz89mltjtyw0000gn/T/go-build238425281/b326/testlog.txt -test.paniconexit0	/private/var/folders/67/pw7jvbv12d76jpz89mltjtyw0000gn/T/TestGetDesignCapabilitiesMutabilitymutable_draft_on_its_own_des3133225486/001	show-ref --verify --quiet refs/remotes/origin/main
designapp.test -test.testlogfile=/var/folders/67/pw7jvbv12d76jpz89mltjtyw0000gn/T/go-build238425281/b326/testlog.txt -test.paniconexit0	/private/var/folders/67/pw7jvbv12d76jpz89mltjtyw0000gn/T/TestGetDesignCapabilitiesMutabilitymutable_draft_on_its_own_des3133225486/001	show-ref --verify --quiet refs/heads/main
commitdesign.test -test.testlogfile=/var/folders/67/pw7jvbv12d76jpz89mltjtyw0000gn/T/go-build238425281/b334/testlog.txt -test.paniconexit0	/var/folders/67/pw7jvbv12d76jpz89mltjtyw0000gn/T/TestRun_Negativespec_already_exists3858108186/001	add -- /var/folders/67/pw7jvbv12d76jpz89mltjtyw0000gn/T/TestRun_Negativespec_already_exists3858108186/001/.verdi/specs/active/dup
wtmanager.test -test.testlogfile=/var/folders/67/pw7jvbv12d76jpz89mltjtyw0000gn/T/go-build238425281/b331/testlog.txt -test.paniconexit0	/var/folders/67/pw7jvbv12d76jpz89mltjtyw0000gn/T/TestEnsureWorktree_Concurrent_ExactlyOneCut2379230552/001	checkout -b design/x
designapp.test -test.testlogfile=/var/folders/67/pw7jvbv12d76jpz89mltjtyw0000gn/T/go-build238425281/b326/testlog.txt -test.paniconexit0	/private/var/folders/67/pw7jvbv12d76jpz89mltjtyw0000gn/T/TestGetDesignCapabilitiesMutabilitymutable_draft_on_its_own_des3133225486/001	ls-tree main -- .verdi/specs/active/sample/spec.md
commitdesign.test -test.testlogfile=/var/folders/67/pw7jvbv12d76jpz89mltjtyw0000gn/T/go-build238425281/b334/testlog.txt -test.paniconexit0	/var/folders/67/pw7jvbv12d76jpz89mltjtyw0000gn/T/TestRun_Negativespec_already_exists3858108186/001	commit -m commit-to-design: spec/dup from board STORY-1482
commitdesign.test -test.testlogfile=/var/folders/67/pw7jvbv12d76jpz89mltjtyw0000gn/T/go-build238425281/b334/testlog.txt -test.paniconexit0	/var/folders/67/pw7jvbv12d76jpz89mltjtyw0000gn/T/TestRun_Negativespec_already_exists3858108186/001	rev-parse --verify HEAD
wtmanager.test -test.testlogfile=/var/folders/67/pw7jvbv12d76jpz89mltjtyw0000gn/T/go-build238425281/b331/testlog.txt -test.paniconexit0	/var/folders/67/pw7jvbv12d76jpz89mltjtyw0000gn/T/TestEnsureWorktree_Concurrent_ExactlyOneCut2379230552/001	status --porcelain
wtmanager.test -test.testlogfile=/var/folders/67/pw7jvbv12d76jpz89mltjtyw0000gn/T/go-build238425281/b331/testlog.txt -test.paniconexit0	/var/folders/67/pw7jvbv12d76jpz89mltjtyw0000gn/T/TestEnsureWorktree_Concurrent_ExactlyOneCut2379230552/001	checkout main
wtmanager.test -test.testlogfile=/var/folders/67/pw7jvbv12d76jpz89mltjtyw0000gn/T/go-build238425281/b331/testlog.txt -test.paniconexit0	/var/folders/67/pw7jvbv12d76jpz89mltjtyw0000gn/T/TestEnsureWorktree_Concurrent_ExactlyOneCut2379230552/001	show-ref --verify --quiet refs/heads/design/x
wtmanager.test -test.testlogfile=/var/folders/67/pw7jvbv12d76jpz89mltjtyw0000gn/T/go-build238425281/b331/testlog.txt -test.paniconexit0	/var/folders/67/pw7jvbv12d76jpz89mltjtyw0000gn/T/TestEnsureWorktree_Concurrent_ExactlyOneCut2379230552/001	symbolic-ref --short -q HEAD
wtmanager.test -test.testlogfile=/var/folders/67/pw7jvbv12d76jpz89mltjtyw0000gn/T/go-build238425281/b331/testlog.txt -test.paniconexit0	/var/folders/67/pw7jvbv12d76jpz89mltjtyw0000gn/T/TestEnsureWorktree_Concurrent_ExactlyOneCut2379230552/001	worktree add /var/folders/67/pw7jvbv12d76jpz89mltjtyw0000gn/T/TestEnsureWorktree_Concurrent_ExactlyOneCut2379230552/001/.verdi/data/worktrees/x design/x
verdi.test -test.testlogfile=/var/folders/67/pw7jvbv12d76jpz89mltjtyw0000gn/T/go-build238425281/b001/testlog.txt -test.paniconexit0	/var/folders/67/pw7jvbv12d76jpz89mltjtyw0000gn/T/TestScaffoldMissingObligationsmisfiled_at_an_undeclared_kinds_2640043046/001	rev-parse --verify HEAD
verdi.test -test.testlogfile=/var/folders/67/pw7jvbv12d76jpz89mltjtyw0000gn/T/go-build238425281/b001/testlog.txt -test.paniconexit0	/var/folders/67/pw7jvbv12d76jpz89mltjtyw0000gn/T/TestScaffoldMissingObligationsmisfiled_at_an_undeclared_kinds_2640043046/001	log -1 --format=%cI 1fbe01f77016d1cb98b903d64e68ca2809409741
designapp.test -test.testlogfile=/var/folders/67/pw7jvbv12d76jpz89mltjtyw0000gn/T/go-build238425281/b326/testlog.txt -test.paniconexit0	/private/var/folders/67/pw7jvbv12d76jpz89mltjtyw0000gn/T/TestGetDesignCapabilitiesMutabilitywrong_branch788380452/001	symbolic-ref --short -q HEAD
wtmanager.test -test.testlogfile=/var/folders/67/pw7jvbv12d76jpz89mltjtyw0000gn/T/go-build238425281/b331/testlog.txt -test.paniconexit0	/var/folders/67/pw7jvbv12d76jpz89mltjtyw0000gn/T/TestGC_FourWorktrees_EachRatifiedOutcome2427841868/001	checkout -b design/clean
designapp.test -test.testlogfile=/var/folders/67/pw7jvbv12d76jpz89mltjtyw0000gn/T/go-build238425281/b326/testlog.txt -test.paniconexit0	/private/var/folders/67/pw7jvbv12d76jpz89mltjtyw0000gn/T/TestGetDesignCapabilitiesMutabilitywrong_branch788380452/001	rev-parse --verify HEAD
designapp.test -test.testlogfile=/var/folders/67/pw7jvbv12d76jpz89mltjtyw0000gn/T/go-build238425281/b326/testlog.txt -test.paniconexit0	/private/var/folders/67/pw7jvbv12d76jpz89mltjtyw0000gn/T/TestGetDesignCapabilitiesMutabilitywrong_branch788380452/001	show-ref --verify --quiet refs/remotes/origin/main
verdi.test -test.testlogfile=/var/folders/67/pw7jvbv12d76jpz89mltjtyw0000gn/T/go-build238425281/b001/testlog.txt -test.paniconexit0	/var/folders/67/pw7jvbv12d76jpz89mltjtyw0000gn/T/TestResolveLocalActors_BoundIdentity_Authenticated2470597137/001	config --local --get-all user.email
designapp.test -test.testlogfile=/var/folders/67/pw7jvbv12d76jpz89mltjtyw0000gn/T/go-build238425281/b326/testlog.txt -test.paniconexit0	/private/var/folders/67/pw7jvbv12d76jpz89mltjtyw0000gn/T/TestGetDesignCapabilitiesMutabilitywrong_branch788380452/001	show-ref --verify --quiet refs/heads/main
verdi.test -test.testlogfile=/var/folders/67/pw7jvbv12d76jpz89mltjtyw0000gn/T/go-build238425281/b001/testlog.txt -test.paniconexit0	/var/folders/67/pw7jvbv12d76jpz89mltjtyw0000gn/T/TestResolveLocalActors_BoundIdentity_Authenticated2470597137/001	config --local --get-all user.email
designapp.test -test.testlogfile=/var/folders/67/pw7jvbv12d76jpz89mltjtyw0000gn/T/go-build238425281/b326/testlog.txt -test.paniconexit0	/private/var/folders/67/pw7jvbv12d76jpz89mltjtyw0000gn/T/TestGetDesignCapabilitiesMutabilitywrong_branch788380452/001	ls-tree main -- .verdi/specs/active/sample/spec.md
wtmanager.test -test.testlogfile=/var/folders/67/pw7jvbv12d76jpz89mltjtyw0000gn/T/go-build238425281/b331/testlog.txt -test.paniconexit0	/var/folders/67/pw7jvbv12d76jpz89mltjtyw0000gn/T/TestGC_FourWorktrees_EachRatifiedOutcome2427841868/001	status --porcelain
commitdesign.test -test.testlogfile=/var/folders/67/pw7jvbv12d76jpz89mltjtyw0000gn/T/go-build238425281/b334/testlog.txt -test.paniconexit0	/var/folders/67/pw7jvbv12d76jpz89mltjtyw0000gn/T/TestRun_ModelDigestTracksFixtureModel2421770430/001	rev-parse --verify HEAD
designapp.test -test.testlogfile=/var/folders/67/pw7jvbv12d76jpz89mltjtyw0000gn/T/go-build238425281/b326/testlog.txt -test.paniconexit0	/private/var/folders/67/pw7jvbv12d76jpz89mltjtyw0000gn/T/TestGetDesignCapabilitiesMutabilitywrong_branch788380452/001	symbolic-ref --short -q HEAD
wtmanager.test -test.testlogfile=/var/folders/67/pw7jvbv12d76jpz89mltjtyw0000gn/T/go-build238425281/b331/testlog.txt -test.paniconexit0	/var/folders/67/pw7jvbv12d76jpz89mltjtyw0000gn/T/TestGC_FourWorktrees_EachRatifiedOutcome2427841868/001	checkout main
commitdesign.test -test.testlogfile=/var/folders/67/pw7jvbv12d76jpz89mltjtyw0000gn/T/go-build238425281/b334/testlog.txt -test.paniconexit0	/var/folders/67/pw7jvbv12d76jpz89mltjtyw0000gn/T/TestRun_ModelDigestTracksFixtureModel2421770430/001	log -1 --format=%cI bed0166252df7a809fcff5ce75ca85566c30ee52
designapp.test -test.testlogfile=/var/folders/67/pw7jvbv12d76jpz89mltjtyw0000gn/T/go-build238425281/b326/testlog.txt -test.paniconexit0	/private/var/folders/67/pw7jvbv12d76jpz89mltjtyw0000gn/T/TestGetDesignCapabilitiesMutabilitywrong_branch788380452/001	rev-parse --verify HEAD
wtmanager.test -test.testlogfile=/var/folders/67/pw7jvbv12d76jpz89mltjtyw0000gn/T/go-build238425281/b331/testlog.txt -test.paniconexit0	/var/folders/67/pw7jvbv12d76jpz89mltjtyw0000gn/T/TestGC_FourWorktrees_EachRatifiedOutcome2427841868/001	checkout -b design/dirty
verdi.test -test.testlogfile=/var/folders/67/pw7jvbv12d76jpz89mltjtyw0000gn/T/go-build238425281/b001/testlog.txt -test.paniconexit0	/var/folders/67/pw7jvbv12d76jpz89mltjtyw0000gn/T/TestResolveLocalActors_FallsBackToUserName296633760/001	config --local --get-all user.email
verdi.test -test.testlogfile=/var/folders/67/pw7jvbv12d76jpz89mltjtyw0000gn/T/go-build238425281/b001/testlog.txt -test.paniconexit0	/var/folders/67/pw7jvbv12d76jpz89mltjtyw0000gn/T/TestResolveLocalActors_FallsBackToUserName296633760/001	config --local --get-all user.name
designapp.test -test.testlogfile=/var/folders/67/pw7jvbv12d76jpz89mltjtyw0000gn/T/go-build238425281/b326/testlog.txt -test.paniconexit0	/private/var/folders/67/pw7jvbv12d76jpz89mltjtyw0000gn/T/TestGetDesignCapabilitiesMutabilitywrong_branch788380452/001	symbolic-ref --short -q HEAD
commitdesign.test -test.testlogfile=/var/folders/67/pw7jvbv12d76jpz89mltjtyw0000gn/T/go-build238425281/b334/testlog.txt -test.paniconexit0	/var/folders/67/pw7jvbv12d76jpz89mltjtyw0000gn/T/TestRun_ModelDigestTracksFixtureModel2421770430/001	add -- /var/folders/67/pw7jvbv12d76jpz89mltjtyw0000gn/T/TestRun_ModelDigestTracksFixtureModel2421770430/001/.verdi/specs/active/tracks-fixture-model
verdi.test -test.testlogfile=/var/folders/67/pw7jvbv12d76jpz89mltjtyw0000gn/T/go-build238425281/b001/testlog.txt -test.paniconexit0	/var/folders/67/pw7jvbv12d76jpz89mltjtyw0000gn/T/TestResolveLocalActors_FallsBackToUserName296633760/001	config --local --get-all user.email
designapp.test -test.testlogfile=/var/folders/67/pw7jvbv12d76jpz89mltjtyw0000gn/T/go-build238425281/b326/testlog.txt -test.paniconexit0	/private/var/folders/67/pw7jvbv12d76jpz89mltjtyw0000gn/T/TestGetDesignCapabilitiesMutabilitywrong_branch788380452/001	rev-parse --verify HEAD
commitdesign.test -test.testlogfile=/var/folders/67/pw7jvbv12d76jpz89mltjtyw0000gn/T/go-build238425281/b334/testlog.txt -test.paniconexit0	/var/folders/67/pw7jvbv12d76jpz89mltjtyw0000gn/T/TestRun_ModelDigestTracksFixtureModel2421770430/001	commit -m commit-to-design: spec/tracks-fixture-model from board STORY-1482
verdi.test -test.testlogfile=/var/folders/67/pw7jvbv12d76jpz89mltjtyw0000gn/T/go-build238425281/b001/testlog.txt -test.paniconexit0	/var/folders/67/pw7jvbv12d76jpz89mltjtyw0000gn/T/TestResolveLocalActors_FallsBackToUserName296633760/001	config --local --get-all user.name
commitdesign.test -test.testlogfile=/var/folders/67/pw7jvbv12d76jpz89mltjtyw0000gn/T/go-build238425281/b334/testlog.txt -test.paniconexit0	/var/folders/67/pw7jvbv12d76jpz89mltjtyw0000gn/T/TestRun_ModelDigestTracksFixtureModel2421770430/001	rev-parse --verify HEAD
wtmanager.test -test.testlogfile=/var/folders/67/pw7jvbv12d76jpz89mltjtyw0000gn/T/go-build238425281/b331/testlog.txt -test.paniconexit0	/var/folders/67/pw7jvbv12d76jpz89mltjtyw0000gn/T/TestGC_FourWorktrees_EachRatifiedOutcome2427841868/001	status --porcelain
wtmanager.test -test.testlogfile=/var/folders/67/pw7jvbv12d76jpz89mltjtyw0000gn/T/go-build238425281/b331/testlog.txt -test.paniconexit0	/var/folders/67/pw7jvbv12d76jpz89mltjtyw0000gn/T/TestGC_FourWorktrees_EachRatifiedOutcome2427841868/001	checkout main
wtmanager.test -test.testlogfile=/var/folders/67/pw7jvbv12d76jpz89mltjtyw0000gn/T/go-build238425281/b331/testlog.txt -test.paniconexit0	/var/folders/67/pw7jvbv12d76jpz89mltjtyw0000gn/T/TestGC_FourWorktrees_EachRatifiedOutcome2427841868/001	checkout -b design/locked
verdi.test -test.testlogfile=/var/folders/67/pw7jvbv12d76jpz89mltjtyw0000gn/T/go-build238425281/b001/testlog.txt -test.paniconexit0	/var/folders/67/pw7jvbv12d76jpz89mltjtyw0000gn/T/TestResolveLocalActors_EmailPreferredOverName1678289368/001	config --local --get-all user.email
verdi.test -test.testlogfile=/var/folders/67/pw7jvbv12d76jpz89mltjtyw0000gn/T/go-build238425281/b001/testlog.txt -test.paniconexit0	/var/folders/67/pw7jvbv12d76jpz89mltjtyw0000gn/T/TestResolveLocalActors_EmailPreferredOverName1678289368/001	config --local --get-all user.email
wtmanager.test -test.testlogfile=/var/folders/67/pw7jvbv12d76jpz89mltjtyw0000gn/T/go-build238425281/b331/testlog.txt -test.paniconexit0	/var/folders/67/pw7jvbv12d76jpz89mltjtyw0000gn/T/TestGC_FourWorktrees_EachRatifiedOutcome2427841868/001	status --porcelain
wtmanager.test -test.testlogfile=/var/folders/67/pw7jvbv12d76jpz89mltjtyw0000gn/T/go-build238425281/b331/testlog.txt -test.paniconexit0	/var/folders/67/pw7jvbv12d76jpz89mltjtyw0000gn/T/TestGC_FourWorktrees_EachRatifiedOutcome2427841868/001	checkout main
verdi.test -test.testlogfile=/var/folders/67/pw7jvbv12d76jpz89mltjtyw0000gn/T/go-build238425281/b001/testlog.txt -test.paniconexit0	/var/folders/67/pw7jvbv12d76jpz89mltjtyw0000gn/T/TestResolveLocalActors_UnboundIdentity_Violated393084430/001	config --local --get-all user.email
wtmanager.test -test.testlogfile=/var/folders/67/pw7jvbv12d76jpz89mltjtyw0000gn/T/go-build238425281/b331/testlog.txt -test.paniconexit0	/var/folders/67/pw7jvbv12d76jpz89mltjtyw0000gn/T/TestGC_FourWorktrees_EachRatifiedOutcome2427841868/001	checkout -b design/unmerged
verdi.test -test.testlogfile=/var/folders/67/pw7jvbv12d76jpz89mltjtyw0000gn/T/go-build238425281/b001/testlog.txt -test.paniconexit0	/var/folders/67/pw7jvbv12d76jpz89mltjtyw0000gn/T/TestResolveLocalActors_UnboundIdentity_Violated393084430/001	config --local --get-all user.email
commitdesign.test -test.testlogfile=/var/folders/67/pw7jvbv12d76jpz89mltjtyw0000gn/T/go-build238425281/b334/testlog.txt -test.paniconexit0	/var/folders/67/pw7jvbv12d76jpz89mltjtyw0000gn/T/TestRun_ScaffoldCommitStagesOnlySpecDir2751101464/001	rev-parse --verify HEAD
commitdesign.test -test.testlogfile=/var/folders/67/pw7jvbv12d76jpz89mltjtyw0000gn/T/go-build238425281/b334/testlog.txt -test.paniconexit0	/var/folders/67/pw7jvbv12d76jpz89mltjtyw0000gn/T/TestRun_ScaffoldCommitStagesOnlySpecDir2751101464/001	log -1 --format=%cI bed0166252df7a809fcff5ce75ca85566c30ee52
verdi.test -test.testlogfile=/var/folders/67/pw7jvbv12d76jpz89mltjtyw0000gn/T/go-build238425281/b001/testlog.txt -test.paniconexit0	/var/folders/67/pw7jvbv12d76jpz89mltjtyw0000gn/T/TestResolveLocalActors_AbsentIdentity_Unproven2540732034/001	config --local --get-all user.email
wtmanager.test -test.testlogfile=/var/folders/67/pw7jvbv12d76jpz89mltjtyw0000gn/T/go-build238425281/b331/testlog.txt -test.paniconexit0	/var/folders/67/pw7jvbv12d76jpz89mltjtyw0000gn/T/TestGC_FourWorktrees_EachRatifiedOutcome2427841868/001	status --porcelain
verdi.test -test.testlogfile=/var/folders/67/pw7jvbv12d76jpz89mltjtyw0000gn/T/go-build238425281/b001/testlog.txt -test.paniconexit0	/var/folders/67/pw7jvbv12d76jpz89mltjtyw0000gn/T/TestResolveLocalActors_AbsentIdentity_Unproven2540732034/001	config --local --get-all user.name
verdi.test -test.testlogfile=/var/folders/67/pw7jvbv12d76jpz89mltjtyw0000gn/T/go-build238425281/b001/testlog.txt -test.paniconexit0	/var/folders/67/pw7jvbv12d76jpz89mltjtyw0000gn/T/TestResolveLocalActors_AbsentIdentity_Unproven2540732034/001	config --local --get-all user.email
verdi.test -test.testlogfile=/var/folders/67/pw7jvbv12d76jpz89mltjtyw0000gn/T/go-build238425281/b001/testlog.txt -test.paniconexit0	/var/folders/67/pw7jvbv12d76jpz89mltjtyw0000gn/T/TestResolveLocalActors_AbsentIdentity_Unproven2540732034/001	config --local --get-all user.name
commitdesign.test -test.testlogfile=/var/folders/67/pw7jvbv12d76jpz89mltjtyw0000gn/T/go-build238425281/b334/testlog.txt -test.paniconexit0	/var/folders/67/pw7jvbv12d76jpz89mltjtyw0000gn/T/TestRun_ScaffoldCommitStagesOnlySpecDir2751101464/001	add -- /var/folders/67/pw7jvbv12d76jpz89mltjtyw0000gn/T/TestRun_ScaffoldCommitStagesOnlySpecDir2751101464/001/.verdi/specs/active/stages-only-specdir
wtmanager.test -test.testlogfile=/var/folders/67/pw7jvbv12d76jpz89mltjtyw0000gn/T/go-build238425281/b331/testlog.txt -test.paniconexit0	/var/folders/67/pw7jvbv12d76jpz89mltjtyw0000gn/T/TestGC_FourWorktrees_EachRatifiedOutcome2427841868/001	checkout main
commitdesign.test -test.testlogfile=/var/folders/67/pw7jvbv12d76jpz89mltjtyw0000gn/T/go-build238425281/b334/testlog.txt -test.paniconexit0	/var/folders/67/pw7jvbv12d76jpz89mltjtyw0000gn/T/TestRun_ScaffoldCommitStagesOnlySpecDir2751101464/001	commit -m commit-to-design: spec/stages-only-specdir from board STORY-1482
wtmanager.test -test.testlogfile=/var/folders/67/pw7jvbv12d76jpz89mltjtyw0000gn/T/go-build238425281/b331/testlog.txt -test.paniconexit0	/var/folders/67/pw7jvbv12d76jpz89mltjtyw0000gn/T/TestGC_FourWorktrees_EachRatifiedOutcome2427841868/001	status --porcelain
wtmanager.test -test.testlogfile=/var/folders/67/pw7jvbv12d76jpz89mltjtyw0000gn/T/go-build238425281/b331/testlog.txt -test.paniconexit0	/var/folders/67/pw7jvbv12d76jpz89mltjtyw0000gn/T/TestGC_FourWorktrees_EachRatifiedOutcome2427841868/001	checkout main
commitdesign.test -test.testlogfile=/var/folders/67/pw7jvbv12d76jpz89mltjtyw0000gn/T/go-build238425281/b334/testlog.txt -test.paniconexit0	/var/folders/67/pw7jvbv12d76jpz89mltjtyw0000gn/T/TestRun_ScaffoldCommitStagesOnlySpecDir2751101464/001	rev-parse --verify HEAD
commitdesign.test -test.testlogfile=/var/folders/67/pw7jvbv12d76jpz89mltjtyw0000gn/T/go-build238425281/b334/testlog.txt -test.paniconexit0	/var/folders/67/pw7jvbv12d76jpz89mltjtyw0000gn/T/TestRun_ScaffoldCommitStagesOnlySpecDir2751101464/001	diff --name-status -M bed0166252df7a809fcff5ce75ca85566c30ee52 f00f31f4b0f42f363b362d0ae71697a7870a6502
designapp.test -test.testlogfile=/var/folders/67/pw7jvbv12d76jpz89mltjtyw0000gn/T/go-build238425281/b326/testlog.txt -test.paniconexit0	/private/var/folders/67/pw7jvbv12d76jpz89mltjtyw0000gn/T/TestGetDesignCapabilitiesMutabilitynon-proposal_Git-derived_sta4070764928/001	symbolic-ref --short -q HEAD
commitdesign.test -test.testlogfile=/var/folders/67/pw7jvbv12d76jpz89mltjtyw0000gn/T/go-build238425281/b334/testlog.txt -test.paniconexit0	/var/folders/67/pw7jvbv12d76jpz89mltjtyw0000gn/T/TestRun_ScaffoldCommitStagesOnlySpecDir2751101464/001	status --porcelain=v1 -z --untracked-files=all
designapp.test -test.testlogfile=/var/folders/67/pw7jvbv12d76jpz89mltjtyw0000gn/T/go-build238425281/b326/testlog.txt -test.paniconexit0	/private/var/folders/67/pw7jvbv12d76jpz89mltjtyw0000gn/T/TestGetDesignCapabilitiesMutabilitynon-proposal_Git-derived_sta4070764928/001	rev-parse --verify HEAD
verdi.test -test.testlogfile=/var/folders/67/pw7jvbv12d76jpz89mltjtyw0000gn/T/go-build238425281/b001/testlog.txt -test.paniconexit0	/var/folders/67/pw7jvbv12d76jpz89mltjtyw0000gn/T/TestResolveLocalActors_AmbiguousConfig_Operational1923894084/001	config --local --get-all user.email
designapp.test -test.testlogfile=/var/folders/67/pw7jvbv12d76jpz89mltjtyw0000gn/T/go-build238425281/b326/testlog.txt -test.paniconexit0	/private/var/folders/67/pw7jvbv12d76jpz89mltjtyw0000gn/T/TestGetDesignCapabilitiesMutabilitynon-proposal_Git-derived_sta4070764928/001	show-ref --verify --quiet refs/remotes/origin/main
wtmanager.test -test.testlogfile=/var/folders/67/pw7jvbv12d76jpz89mltjtyw0000gn/T/go-build238425281/b331/testlog.txt -test.paniconexit0	/var/folders/67/pw7jvbv12d76jpz89mltjtyw0000gn/T/TestGC_FourWorktrees_EachRatifiedOutcome2427841868/001	status --porcelain
commitdesign.test -test.testlogfile=/var/folders/67/pw7jvbv12d76jpz89mltjtyw0000gn/T/go-build238425281/b334/testlog.txt -test.paniconexit0	/var/folders/67/pw7jvbv12d76jpz89mltjtyw0000gn/T/TestRun_ScaffoldCommitStagesOnlySpecDir2751101464/001	status --porcelain -z --untracked-files=no
designapp.test -test.testlogfile=/var/folders/67/pw7jvbv12d76jpz89mltjtyw0000gn/T/go-build238425281/b326/testlog.txt -test.paniconexit0	/private/var/folders/67/pw7jvbv12d76jpz89mltjtyw0000gn/T/TestGetDesignCapabilitiesMutabilitynon-proposal_Git-derived_sta4070764928/001	show-ref --verify --quiet refs/heads/main
wtmanager.test -test.testlogfile=/var/folders/67/pw7jvbv12d76jpz89mltjtyw0000gn/T/go-build238425281/b331/testlog.txt -test.paniconexit0	/var/folders/67/pw7jvbv12d76jpz89mltjtyw0000gn/T/TestGC_FourWorktrees_EachRatifiedOutcome2427841868/001	checkout main
designapp.test -test.testlogfile=/var/folders/67/pw7jvbv12d76jpz89mltjtyw0000gn/T/go-build238425281/b326/testlog.txt -test.paniconexit0	/private/var/folders/67/pw7jvbv12d76jpz89mltjtyw0000gn/T/TestGetDesignCapabilitiesMutabilitynon-proposal_Git-derived_sta4070764928/001	ls-tree main -- .verdi/specs/active/sample/spec.md
designapp.test -test.testlogfile=/var/folders/67/pw7jvbv12d76jpz89mltjtyw0000gn/T/go-build238425281/b326/testlog.txt -test.paniconexit0	/private/var/folders/67/pw7jvbv12d76jpz89mltjtyw0000gn/T/TestGetDesignCapabilitiesMutabilitynon-proposal_Git-derived_sta4070764928/001	show main:.verdi/specs/active/sample/spec.md
designapp.test -test.testlogfile=/var/folders/67/pw7jvbv12d76jpz89mltjtyw0000gn/T/go-build238425281/b326/testlog.txt -test.paniconexit0	/private/var/folders/67/pw7jvbv12d76jpz89mltjtyw0000gn/T/TestGetDesignCapabilitiesMutabilitynon-proposal_Git-derived_sta4070764928/001	rev-list --first-parent --reverse main -- .verdi/specs/active/sample/spec.md
designapp.test -test.testlogfile=/var/folders/67/pw7jvbv12d76jpz89mltjtyw0000gn/T/go-build238425281/b326/testlog.txt -test.paniconexit0	/private/var/folders/67/pw7jvbv12d76jpz89mltjtyw0000gn/T/TestGetDesignCapabilitiesMutabilitynon-proposal_Git-derived_sta4070764928/001	ls-tree 6351bd2129794f88a454357fbec6edc8526628cf -- .verdi/specs/active/sample/spec.md
wtmanager.test -test.testlogfile=/var/folders/67/pw7jvbv12d76jpz89mltjtyw0000gn/T/go-build238425281/b331/testlog.txt -test.paniconexit0	/var/folders/67/pw7jvbv12d76jpz89mltjtyw0000gn/T/TestGC_FourWorktrees_EachRatifiedOutcome2427841868/001	status --porcelain
designapp.test -test.testlogfile=/var/folders/67/pw7jvbv12d76jpz89mltjtyw0000gn/T/go-build238425281/b326/testlog.txt -test.paniconexit0	/private/var/folders/67/pw7jvbv12d76jpz89mltjtyw0000gn/T/TestGetDesignCapabilitiesMutabilitynon-proposal_Git-derived_sta4070764928/001	ls-tree -r --name-only main -- .verdi/specs
wtmanager.test -test.testlogfile=/var/folders/67/pw7jvbv12d76jpz89mltjtyw0000gn/T/go-build238425281/b331/testlog.txt -test.paniconexit0	/var/folders/67/pw7jvbv12d76jpz89mltjtyw0000gn/T/TestGC_FourWorktrees_EachRatifiedOutcome2427841868/001	checkout main
designapp.test -test.testlogfile=/var/folders/67/pw7jvbv12d76jpz89mltjtyw0000gn/T/go-build238425281/b326/testlog.txt -test.paniconexit0	/private/var/folders/67/pw7jvbv12d76jpz89mltjtyw0000gn/T/TestGetDesignCapabilitiesMutabilitynon-proposal_Git-derived_sta4070764928/001	show main:.verdi/specs/active/sample/spec.md
designapp.test -test.testlogfile=/var/folders/67/pw7jvbv12d76jpz89mltjtyw0000gn/T/go-build238425281/b326/testlog.txt -test.paniconexit0	/private/var/folders/67/pw7jvbv12d76jpz89mltjtyw0000gn/T/TestGetDesignCapabilitiesMutabilitynon-proposal_Git-derived_sta4070764928/001	symbolic-ref --short -q HEAD
designapp.test -test.testlogfile=/var/folders/67/pw7jvbv12d76jpz89mltjtyw0000gn/T/go-build238425281/b326/testlog.txt -test.paniconexit0	/private/var/folders/67/pw7jvbv12d76jpz89mltjtyw0000gn/T/TestGetDesignCapabilitiesMutabilitynon-proposal_Git-derived_sta4070764928/001	rev-parse --verify HEAD
wtmanager.test -test.testlogfile=/var/folders/67/pw7jvbv12d76jpz89mltjtyw0000gn/T/go-build238425281/b331/testlog.txt -test.paniconexit0	/var/folders/67/pw7jvbv12d76jpz89mltjtyw0000gn/T/TestGC_FourWorktrees_EachRatifiedOutcome2427841868/001	show-ref --verify --quiet refs/heads/design/clean
wtmanager.test -test.testlogfile=/var/folders/67/pw7jvbv12d76jpz89mltjtyw0000gn/T/go-build238425281/b331/testlog.txt -test.paniconexit0	/var/folders/67/pw7jvbv12d76jpz89mltjtyw0000gn/T/TestGC_FourWorktrees_EachRatifiedOutcome2427841868/001	symbolic-ref --short -q HEAD
designapp.test -test.testlogfile=/var/folders/67/pw7jvbv12d76jpz89mltjtyw0000gn/T/go-build238425281/b326/testlog.txt -test.paniconexit0	/private/var/folders/67/pw7jvbv12d76jpz89mltjtyw0000gn/T/TestGetDesignCapabilitiesMutabilitynon-proposal_Git-derived_sta4070764928/001	symbolic-ref --short -q HEAD
wtmanager.test -test.testlogfile=/var/folders/67/pw7jvbv12d76jpz89mltjtyw0000gn/T/go-build238425281/b331/testlog.txt -test.paniconexit0	/var/folders/67/pw7jvbv12d76jpz89mltjtyw0000gn/T/TestGC_FourWorktrees_EachRatifiedOutcome2427841868/001	worktree add /var/folders/67/pw7jvbv12d76jpz89mltjtyw0000gn/T/TestGC_FourWorktrees_EachRatifiedOutcome2427841868/001/.verdi/data/worktrees/clean design/clean
commitdesign.test -test.testlogfile=/var/folders/67/pw7jvbv12d76jpz89mltjtyw0000gn/T/go-build238425281/b334/testlog.txt -test.paniconexit0	/var/folders/67/pw7jvbv12d76jpz89mltjtyw0000gn/T/TestRun_StoreOverrideHonored1166004153/001	rev-parse --verify HEAD
designapp.test -test.testlogfile=/var/folders/67/pw7jvbv12d76jpz89mltjtyw0000gn/T/go-build238425281/b326/testlog.txt -test.paniconexit0	/private/var/folders/67/pw7jvbv12d76jpz89mltjtyw0000gn/T/TestGetDesignCapabilitiesMutabilitynon-proposal_Git-derived_sta4070764928/001	rev-parse --verify HEAD
commitdesign.test -test.testlogfile=/var/folders/67/pw7jvbv12d76jpz89mltjtyw0000gn/T/go-build238425281/b334/testlog.txt -test.paniconexit0	/var/folders/67/pw7jvbv12d76jpz89mltjtyw0000gn/T/TestRun_StoreOverrideHonored1166004153/001	log -1 --format=%cI bed0166252df7a809fcff5ce75ca85566c30ee52
designapp.test -test.testlogfile=/var/folders/67/pw7jvbv12d76jpz89mltjtyw0000gn/T/go-build238425281/b326/testlog.txt -test.paniconexit0	/private/var/folders/67/pw7jvbv12d76jpz89mltjtyw0000gn/T/TestGetDesignCapabilitiesMutabilitynon-proposal_Git-derived_sta4070764928/001	show-ref --verify --quiet refs/remotes/origin/main
designapp.test -test.testlogfile=/var/folders/67/pw7jvbv12d76jpz89mltjtyw0000gn/T/go-build238425281/b326/testlog.txt -test.paniconexit0	/private/var/folders/67/pw7jvbv12d76jpz89mltjtyw0000gn/T/TestGetDesignCapabilitiesMutabilitynon-proposal_Git-derived_sta4070764928/001	show-ref --verify --quiet refs/heads/main
commitdesign.test -test.testlogfile=/var/folders/67/pw7jvbv12d76jpz89mltjtyw0000gn/T/go-build238425281/b334/testlog.txt -test.paniconexit0	/var/folders/67/pw7jvbv12d76jpz89mltjtyw0000gn/T/TestRun_StoreOverrideHonored1166004153/001	add -- /var/folders/67/pw7jvbv12d76jpz89mltjtyw0000gn/T/TestRun_StoreOverrideHonored1166004153/001/.verdi/specs/active/override-born
wtmanager.test -test.testlogfile=/var/folders/67/pw7jvbv12d76jpz89mltjtyw0000gn/T/go-build238425281/b331/testlog.txt -test.paniconexit0	/var/folders/67/pw7jvbv12d76jpz89mltjtyw0000gn/T/TestGC_FourWorktrees_EachRatifiedOutcome2427841868/001	show-ref --verify --quiet refs/heads/design/dirty
designapp.test -test.testlogfile=/var/folders/67/pw7jvbv12d76jpz89mltjtyw0000gn/T/go-build238425281/b326/testlog.txt -test.paniconexit0	/private/var/folders/67/pw7jvbv12d76jpz89mltjtyw0000gn/T/TestGetDesignCapabilitiesMutabilitynon-proposal_Git-derived_sta4070764928/001	ls-tree main -- .verdi/specs/active/sample/spec.md
wtmanager.test -test.testlogfile=/var/folders/67/pw7jvbv12d76jpz89mltjtyw0000gn/T/go-build238425281/b331/testlog.txt -test.paniconexit0	/var/folders/67/pw7jvbv12d76jpz89mltjtyw0000gn/T/TestGC_FourWorktrees_EachRatifiedOutcome2427841868/001	symbolic-ref --short -q HEAD
commitdesign.test -test.testlogfile=/var/folders/67/pw7jvbv12d76jpz89mltjtyw0000gn/T/go-build238425281/b334/testlog.txt -test.paniconexit0	/var/folders/67/pw7jvbv12d76jpz89mltjtyw0000gn/T/TestRun_StoreOverrideHonored1166004153/001	commit -m commit-to-design: spec/override-born from board STORY-1482
wtmanager.test -test.testlogfile=/var/folders/67/pw7jvbv12d76jpz89mltjtyw0000gn/T/go-build238425281/b331/testlog.txt -test.paniconexit0	/var/folders/67/pw7jvbv12d76jpz89mltjtyw0000gn/T/TestGC_FourWorktrees_EachRatifiedOutcome2427841868/001	worktree add /var/folders/67/pw7jvbv12d76jpz89mltjtyw0000gn/T/TestGC_FourWorktrees_EachRatifiedOutcome2427841868/001/.verdi/data/worktrees/dirty design/dirty
designapp.test -test.testlogfile=/var/folders/67/pw7jvbv12d76jpz89mltjtyw0000gn/T/go-build238425281/b326/testlog.txt -test.paniconexit0	/private/var/folders/67/pw7jvbv12d76jpz89mltjtyw0000gn/T/TestGetDesignCapabilitiesMutabilitynon-proposal_Git-derived_sta4070764928/001	show main:.verdi/specs/active/sample/spec.md
commitdesign.test -test.testlogfile=/var/folders/67/pw7jvbv12d76jpz89mltjtyw0000gn/T/go-build238425281/b334/testlog.txt -test.paniconexit0	/var/folders/67/pw7jvbv12d76jpz89mltjtyw0000gn/T/TestRun_StoreOverrideHonored1166004153/001	rev-parse --verify HEAD
designapp.test -test.testlogfile=/var/folders/67/pw7jvbv12d76jpz89mltjtyw0000gn/T/go-build238425281/b326/testlog.txt -test.paniconexit0	/private/var/folders/67/pw7jvbv12d76jpz89mltjtyw0000gn/T/TestGetDesignCapabilitiesMutabilitynon-proposal_Git-derived_sta4070764928/001	rev-list --first-parent --reverse main -- .verdi/specs/active/sample/spec.md
designapp.test -test.testlogfile=/var/folders/67/pw7jvbv12d76jpz89mltjtyw0000gn/T/go-build238425281/b326/testlog.txt -test.paniconexit0	/private/var/folders/67/pw7jvbv12d76jpz89mltjtyw0000gn/T/TestGetDesignCapabilitiesMutabilitynon-proposal_Git-derived_sta4070764928/001	ls-tree 6351bd2129794f88a454357fbec6edc8526628cf -- .verdi/specs/active/sample/spec.md
verdi.test -test.testlogfile=/var/folders/67/pw7jvbv12d76jpz89mltjtyw0000gn/T/go-build238425281/b001/testlog.txt -test.paniconexit0	/var/folders/67/pw7jvbv12d76jpz89mltjtyw0000gn/T/TestAlign_DesignBranch_RegeneratePreservesGenuineReportOnJudgeFa424126431/001	symbolic-ref --short -q HEAD
wtmanager.test -test.testlogfile=/var/folders/67/pw7jvbv12d76jpz89mltjtyw0000gn/T/go-build238425281/b331/testlog.txt -test.paniconexit0	/var/folders/67/pw7jvbv12d76jpz89mltjtyw0000gn/T/TestGC_FourWorktrees_EachRatifiedOutcome2427841868/001	show-ref --verify --quiet refs/heads/design/locked
designapp.test -test.testlogfile=/var/folders/67/pw7jvbv12d76jpz89mltjtyw0000gn/T/go-build238425281/b326/testlog.txt -test.paniconexit0	/private/var/folders/67/pw7jvbv12d76jpz89mltjtyw0000gn/T/TestGetDesignCapabilitiesMutabilitynon-proposal_Git-derived_sta4070764928/001	ls-tree -r --name-only main -- .verdi/specs
verdi.test -test.testlogfile=/var/folders/67/pw7jvbv12d76jpz89mltjtyw0000gn/T/go-build238425281/b001/testlog.txt -test.paniconexit0	/var/folders/67/pw7jvbv12d76jpz89mltjtyw0000gn/T/TestAlign_DesignBranch_RegeneratePreservesGenuineReportOnJudgeFa424126431/001	symbolic-ref --short -q HEAD
wtmanager.test -test.testlogfile=/var/folders/67/pw7jvbv12d76jpz89mltjtyw0000gn/T/go-build238425281/b331/testlog.txt -test.paniconexit0	/var/folders/67/pw7jvbv12d76jpz89mltjtyw0000gn/T/TestGC_FourWorktrees_EachRatifiedOutcome2427841868/001	symbolic-ref --short -q HEAD
designapp.test -test.testlogfile=/var/folders/67/pw7jvbv12d76jpz89mltjtyw0000gn/T/go-build238425281/b326/testlog.txt -test.paniconexit0	/private/var/folders/67/pw7jvbv12d76jpz89mltjtyw0000gn/T/TestGetDesignCapabilitiesMutabilitynon-proposal_Git-derived_sta4070764928/001	show main:.verdi/specs/active/sample/spec.md
verdi.test -test.testlogfile=/var/folders/67/pw7jvbv12d76jpz89mltjtyw0000gn/T/go-build238425281/b001/testlog.txt -test.paniconexit0	/var/folders/67/pw7jvbv12d76jpz89mltjtyw0000gn/T/TestAlign_DesignBranch_RegeneratePreservesGenuineReportOnJudgeFa424126431/001	rev-parse --verify HEAD
wtmanager.test -test.testlogfile=/var/folders/67/pw7jvbv12d76jpz89mltjtyw0000gn/T/go-build238425281/b331/testlog.txt -test.paniconexit0	/var/folders/67/pw7jvbv12d76jpz89mltjtyw0000gn/T/TestGC_FourWorktrees_EachRatifiedOutcome2427841868/001	worktree add /var/folders/67/pw7jvbv12d76jpz89mltjtyw0000gn/T/TestGC_FourWorktrees_EachRatifiedOutcome2427841868/001/.verdi/data/worktrees/locked design/locked
wtmanager.test -test.testlogfile=/var/folders/67/pw7jvbv12d76jpz89mltjtyw0000gn/T/go-build238425281/b331/testlog.txt -test.paniconexit0	/var/folders/67/pw7jvbv12d76jpz89mltjtyw0000gn/T/TestGC_FourWorktrees_EachRatifiedOutcome2427841868/001	show-ref --verify --quiet refs/heads/design/unmerged
wtmanager.test -test.testlogfile=/var/folders/67/pw7jvbv12d76jpz89mltjtyw0000gn/T/go-build238425281/b331/testlog.txt -test.paniconexit0	/var/folders/67/pw7jvbv12d76jpz89mltjtyw0000gn/T/TestGC_FourWorktrees_EachRatifiedOutcome2427841868/001	symbolic-ref --short -q HEAD
wtmanager.test -test.testlogfile=/var/folders/67/pw7jvbv12d76jpz89mltjtyw0000gn/T/go-build238425281/b331/testlog.txt -test.paniconexit0	/var/folders/67/pw7jvbv12d76jpz89mltjtyw0000gn/T/TestGC_FourWorktrees_EachRatifiedOutcome2427841868/001	worktree add /var/folders/67/pw7jvbv12d76jpz89mltjtyw0000gn/T/TestGC_FourWorktrees_EachRatifiedOutcome2427841868/001/.verdi/data/worktrees/unmerged design/unmerged
commitdesign.test -test.testlogfile=/var/folders/67/pw7jvbv12d76jpz89mltjtyw0000gn/T/go-build238425281/b334/testlog.txt -test.paniconexit0	/var/folders/67/pw7jvbv12d76jpz89mltjtyw0000gn/T/TestRun_StoreOverrideWrongClassRefuses2472606889/001	rev-parse --verify HEAD
wtmanager.test -test.testlogfile=/var/folders/67/pw7jvbv12d76jpz89mltjtyw0000gn/T/go-build238425281/b331/testlog.txt -test.paniconexit0	/var/folders/67/pw7jvbv12d76jpz89mltjtyw0000gn/T/TestGC_FourWorktrees_EachRatifiedOutcome2427841868/001	show-ref --verify --quiet refs/heads/design/clean
commitdesign.test -test.testlogfile=/var/folders/67/pw7jvbv12d76jpz89mltjtyw0000gn/T/go-build238425281/b334/testlog.txt -test.paniconexit0	/var/folders/67/pw7jvbv12d76jpz89mltjtyw0000gn/T/TestRun_StoreOverrideWrongClassRefuses2472606889/001	log -1 --format=%cI bed0166252df7a809fcff5ce75ca85566c30ee52
wtmanager.test -test.testlogfile=/var/folders/67/pw7jvbv12d76jpz89mltjtyw0000gn/T/go-build238425281/b331/testlog.txt -test.paniconexit0	/var/folders/67/pw7jvbv12d76jpz89mltjtyw0000gn/T/TestGC_FourWorktrees_EachRatifiedOutcome2427841868/001	rev-parse --verify design/clean
wtmanager.test -test.testlogfile=/var/folders/67/pw7jvbv12d76jpz89mltjtyw0000gn/T/go-build238425281/b331/testlog.txt -test.paniconexit0	/var/folders/67/pw7jvbv12d76jpz89mltjtyw0000gn/T/TestGC_FourWorktrees_EachRatifiedOutcome2427841868/001	rev-parse --verify main
wtmanager.test -test.testlogfile=/var/folders/67/pw7jvbv12d76jpz89mltjtyw0000gn/T/go-build238425281/b331/testlog.txt -test.paniconexit0	/var/folders/67/pw7jvbv12d76jpz89mltjtyw0000gn/T/TestGC_FourWorktrees_EachRatifiedOutcome2427841868/001	merge-base --is-ancestor 914bf5ea08acb8825af6d19b9b6cec29ac44968b e41ef3fd79bf0bf45637a78867654ddcf96a1429
wtmanager.test -test.testlogfile=/var/folders/67/pw7jvbv12d76jpz89mltjtyw0000gn/T/go-build238425281/b331/testlog.txt -test.paniconexit0	/var/folders/67/pw7jvbv12d76jpz89mltjtyw0000gn/T/TestGC_FourWorktrees_EachRatifiedOutcome2427841868/001/.verdi/data/worktrees/clean	status --porcelain
wtmanager.test -test.testlogfile=/var/folders/67/pw7jvbv12d76jpz89mltjtyw0000gn/T/go-build238425281/b331/testlog.txt -test.paniconexit0	/var/folders/67/pw7jvbv12d76jpz89mltjtyw0000gn/T/TestGC_FourWorktrees_EachRatifiedOutcome2427841868/001	worktree remove /var/folders/67/pw7jvbv12d76jpz89mltjtyw0000gn/T/TestGC_FourWorktrees_EachRatifiedOutcome2427841868/001/.verdi/data/worktrees/clean
designapp.test -test.testlogfile=/var/folders/67/pw7jvbv12d76jpz89mltjtyw0000gn/T/go-build238425281/b326/testlog.txt -test.paniconexit0	/private/var/folders/67/pw7jvbv12d76jpz89mltjtyw0000gn/T/TestGetDesignCapabilitiesMutabilityforbidden_policy_mode1534229850/001	symbolic-ref --short -q HEAD
designapp.test -test.testlogfile=/var/folders/67/pw7jvbv12d76jpz89mltjtyw0000gn/T/go-build238425281/b326/testlog.txt -test.paniconexit0	/private/var/folders/67/pw7jvbv12d76jpz89mltjtyw0000gn/T/TestGetDesignCapabilitiesMutabilityforbidden_policy_mode1534229850/001	rev-parse --verify HEAD
wtmanager.test -test.testlogfile=/var/folders/67/pw7jvbv12d76jpz89mltjtyw0000gn/T/go-build238425281/b331/testlog.txt -test.paniconexit0	/var/folders/67/pw7jvbv12d76jpz89mltjtyw0000gn/T/TestGC_FourWorktrees_EachRatifiedOutcome2427841868/001	show-ref --verify --quiet refs/heads/design/dirty
designapp.test -test.testlogfile=/var/folders/67/pw7jvbv12d76jpz89mltjtyw0000gn/T/go-build238425281/b326/testlog.txt -test.paniconexit0	/private/var/folders/67/pw7jvbv12d76jpz89mltjtyw0000gn/T/TestGetDesignCapabilitiesMutabilityforbidden_policy_mode1534229850/001	show-ref --verify --quiet refs/remotes/origin/main
wtmanager.test -test.testlogfile=/var/folders/67/pw7jvbv12d76jpz89mltjtyw0000gn/T/go-build238425281/b331/testlog.txt -test.paniconexit0	/var/folders/67/pw7jvbv12d76jpz89mltjtyw0000gn/T/TestGC_FourWorktrees_EachRatifiedOutcome2427841868/001	rev-parse --verify design/dirty
designapp.test -test.testlogfile=/var/folders/67/pw7jvbv12d76jpz89mltjtyw0000gn/T/go-build238425281/b326/testlog.txt -test.paniconexit0	/private/var/folders/67/pw7jvbv12d76jpz89mltjtyw0000gn/T/TestGetDesignCapabilitiesMutabilityforbidden_policy_mode1534229850/001	show-ref --verify --quiet refs/heads/main
wtmanager.test -test.testlogfile=/var/folders/67/pw7jvbv12d76jpz89mltjtyw0000gn/T/go-build238425281/b331/testlog.txt -test.paniconexit0	/var/folders/67/pw7jvbv12d76jpz89mltjtyw0000gn/T/TestGC_FourWorktrees_EachRatifiedOutcome2427841868/001	rev-parse --verify main
designapp.test -test.testlogfile=/var/folders/67/pw7jvbv12d76jpz89mltjtyw0000gn/T/go-build238425281/b326/testlog.txt -test.paniconexit0	/private/var/folders/67/pw7jvbv12d76jpz89mltjtyw0000gn/T/TestGetDesignCapabilitiesMutabilityforbidden_policy_mode1534229850/001	ls-tree main -- .verdi/specs/active/sample/spec.md
wtmanager.test -test.testlogfile=/var/folders/67/pw7jvbv12d76jpz89mltjtyw0000gn/T/go-build238425281/b331/testlog.txt -test.paniconexit0	/var/folders/67/pw7jvbv12d76jpz89mltjtyw0000gn/T/TestGC_FourWorktrees_EachRatifiedOutcome2427841868/001	merge-base --is-ancestor ba9eb9352fef4a414de4a3e2bdb1787eb79b22a5 e41ef3fd79bf0bf45637a78867654ddcf96a1429
wtmanager.test -test.testlogfile=/var/folders/67/pw7jvbv12d76jpz89mltjtyw0000gn/T/go-build238425281/b331/testlog.txt -test.paniconexit0	/var/folders/67/pw7jvbv12d76jpz89mltjtyw0000gn/T/TestGC_FourWorktrees_EachRatifiedOutcome2427841868/001/.verdi/data/worktrees/dirty	status --porcelain
designapp.test -test.testlogfile=/var/folders/67/pw7jvbv12d76jpz89mltjtyw0000gn/T/go-build238425281/b326/testlog.txt -test.paniconexit0	/private/var/folders/67/pw7jvbv12d76jpz89mltjtyw0000gn/T/TestGetDesignCapabilitiesMutabilityforbidden_policy_mode1534229850/001	symbolic-ref --short -q HEAD
commitdesign.test -test.testlogfile=/var/folders/67/pw7jvbv12d76jpz89mltjtyw0000gn/T/go-build238425281/b334/testlog.txt -test.paniconexit0	/var/folders/67/pw7jvbv12d76jpz89mltjtyw0000gn/T/TestRun_OverrideOmittingCarryBlocksRefuses137564455/001	rev-parse --verify HEAD
wtmanager.test -test.testlogfile=/var/folders/67/pw7jvbv12d76jpz89mltjtyw0000gn/T/go-build238425281/b331/testlog.txt -test.paniconexit0	/var/folders/67/pw7jvbv12d76jpz89mltjtyw0000gn/T/TestGC_FourWorktrees_EachRatifiedOutcome2427841868/001	show-ref --verify --quiet refs/heads/design/locked
designapp.test -test.testlogfile=/var/folders/67/pw7jvbv12d76jpz89mltjtyw0000gn/T/go-build238425281/b326/testlog.txt -test.paniconexit0	/private/var/folders/67/pw7jvbv12d76jpz89mltjtyw0000gn/T/TestGetDesignCapabilitiesMutabilityforbidden_policy_mode1534229850/001	rev-parse --verify HEAD
commitdesign.test -test.testlogfile=/var/folders/67/pw7jvbv12d76jpz89mltjtyw0000gn/T/go-build238425281/b334/testlog.txt -test.paniconexit0	/var/folders/67/pw7jvbv12d76jpz89mltjtyw0000gn/T/TestRun_OverrideOmittingCarryBlocksRefuses137564455/001	rev-parse --verify HEAD
wtmanager.test -test.testlogfile=/var/folders/67/pw7jvbv12d76jpz89mltjtyw0000gn/T/go-build238425281/b331/testlog.txt -test.paniconexit0	/var/folders/67/pw7jvbv12d76jpz89mltjtyw0000gn/T/TestGC_FourWorktrees_EachRatifiedOutcome2427841868/001	rev-parse --verify design/locked
verdi.test -test.testlogfile=/var/folders/67/pw7jvbv12d76jpz89mltjtyw0000gn/T/go-build238425281/b001/testlog.txt -test.paniconexit0	/var/folders/67/pw7jvbv12d76jpz89mltjtyw0000gn/T/TestAlign_DesignBranch_RegeneratePreservesGenuineReportOnJudgeFa424126431/001	symbolic-ref --short -q HEAD
commitdesign.test -test.testlogfile=/var/folders/67/pw7jvbv12d76jpz89mltjtyw0000gn/T/go-build238425281/b334/testlog.txt -test.paniconexit0	/var/folders/67/pw7jvbv12d76jpz89mltjtyw0000gn/T/TestRun_OverrideOmittingCarryBlocksRefuses137564455/001	log -1 --format=%cI bed0166252df7a809fcff5ce75ca85566c30ee52
wtmanager.test -test.testlogfile=/var/folders/67/pw7jvbv12d76jpz89mltjtyw0000gn/T/go-build238425281/b331/testlog.txt -test.paniconexit0	/var/folders/67/pw7jvbv12d76jpz89mltjtyw0000gn/T/TestGC_FourWorktrees_EachRatifiedOutcome2427841868/001	rev-parse --verify main
verdi.test -test.testlogfile=/var/folders/67/pw7jvbv12d76jpz89mltjtyw0000gn/T/go-build238425281/b001/testlog.txt -test.paniconexit0	/var/folders/67/pw7jvbv12d76jpz89mltjtyw0000gn/T/TestAlign_DesignBranch_RegeneratePreservesGenuineReportOnJudgeFa424126431/001	symbolic-ref --short -q HEAD
wtmanager.test -test.testlogfile=/var/folders/67/pw7jvbv12d76jpz89mltjtyw0000gn/T/go-build238425281/b331/testlog.txt -test.paniconexit0	/var/folders/67/pw7jvbv12d76jpz89mltjtyw0000gn/T/TestGC_FourWorktrees_EachRatifiedOutcome2427841868/001	merge-base --is-ancestor f3b313f9cf4679608b5a86d9585b0819ce7a2b1b e41ef3fd79bf0bf45637a78867654ddcf96a1429
designapp.test -test.testlogfile=/var/folders/67/pw7jvbv12d76jpz89mltjtyw0000gn/T/go-build238425281/b326/testlog.txt -test.paniconexit0	/private/var/folders/67/pw7jvbv12d76jpz89mltjtyw0000gn/T/TestGetDesignCapabilitiesMutabilityforbidden_policy_mode1534229850/001	symbolic-ref --short -q HEAD
commitdesign.test -test.testlogfile=/var/folders/67/pw7jvbv12d76jpz89mltjtyw0000gn/T/go-build238425281/b334/testlog.txt -test.paniconexit0	/var/folders/67/pw7jvbv12d76jpz89mltjtyw0000gn/T/TestRun_OverrideOmittingCarryBlocksRefuses137564455/001	rev-parse --verify HEAD
verdi.test -test.testlogfile=/var/folders/67/pw7jvbv12d76jpz89mltjtyw0000gn/T/go-build238425281/b001/testlog.txt -test.paniconexit0	/var/folders/67/pw7jvbv12d76jpz89mltjtyw0000gn/T/TestAlign_DesignBranch_RegeneratePreservesGenuineReportOnJudgeFa424126431/001	rev-parse --verify HEAD
designapp.test -test.testlogfile=/var/folders/67/pw7jvbv12d76jpz89mltjtyw0000gn/T/go-build238425281/b326/testlog.txt -test.paniconexit0	/private/var/folders/67/pw7jvbv12d76jpz89mltjtyw0000gn/T/TestGetDesignCapabilitiesMutabilityforbidden_policy_mode1534229850/001	rev-parse --verify HEAD
wtmanager.test -test.testlogfile=/var/folders/67/pw7jvbv12d76jpz89mltjtyw0000gn/T/go-build238425281/b331/testlog.txt -test.paniconexit0	/var/folders/67/pw7jvbv12d76jpz89mltjtyw0000gn/T/TestGC_FourWorktrees_EachRatifiedOutcome2427841868/001/.verdi/data/worktrees/locked	status --porcelain
wtmanager.test -test.testlogfile=/var/folders/67/pw7jvbv12d76jpz89mltjtyw0000gn/T/go-build238425281/b331/testlog.txt -test.paniconexit0	/var/folders/67/pw7jvbv12d76jpz89mltjtyw0000gn/T/TestGC_FourWorktrees_EachRatifiedOutcome2427841868/001	show-ref --verify --quiet refs/heads/design/unmerged
designapp.test -test.testlogfile=/var/folders/67/pw7jvbv12d76jpz89mltjtyw0000gn/T/go-build238425281/b326/testlog.txt -test.paniconexit0	/private/var/folders/67/pw7jvbv12d76jpz89mltjtyw0000gn/T/TestGetDesignCapabilitiesMutabilityforbidden_policy_mode1534229850/001	show-ref --verify --quiet refs/remotes/origin/main
designapp.test -test.testlogfile=/var/folders/67/pw7jvbv12d76jpz89mltjtyw0000gn/T/go-build238425281/b326/testlog.txt -test.paniconexit0	/private/var/folders/67/pw7jvbv12d76jpz89mltjtyw0000gn/T/TestGetDesignCapabilitiesMutabilityforbidden_policy_mode1534229850/001	show-ref --verify --quiet refs/heads/main
wtmanager.test -test.testlogfile=/var/folders/67/pw7jvbv12d76jpz89mltjtyw0000gn/T/go-build238425281/b331/testlog.txt -test.paniconexit0	/var/folders/67/pw7jvbv12d76jpz89mltjtyw0000gn/T/TestGC_FourWorktrees_EachRatifiedOutcome2427841868/001	rev-parse --verify design/unmerged
wtmanager.test -test.testlogfile=/var/folders/67/pw7jvbv12d76jpz89mltjtyw0000gn/T/go-build238425281/b331/testlog.txt -test.paniconexit0	/var/folders/67/pw7jvbv12d76jpz89mltjtyw0000gn/T/TestGC_FourWorktrees_EachRatifiedOutcome2427841868/001	rev-parse --verify main
designapp.test -test.testlogfile=/var/folders/67/pw7jvbv12d76jpz89mltjtyw0000gn/T/go-build238425281/b326/testlog.txt -test.paniconexit0	/private/var/folders/67/pw7jvbv12d76jpz89mltjtyw0000gn/T/TestGetDesignCapabilitiesMutabilityforbidden_policy_mode1534229850/001	ls-tree main -- .verdi/specs/active/sample/spec.md
wtmanager.test -test.testlogfile=/var/folders/67/pw7jvbv12d76jpz89mltjtyw0000gn/T/go-build238425281/b331/testlog.txt -test.paniconexit0	/var/folders/67/pw7jvbv12d76jpz89mltjtyw0000gn/T/TestGC_FourWorktrees_EachRatifiedOutcome2427841868/001	merge-base --is-ancestor 2cc2cb048b6d240c101afe59fcb89ba121136ea7 e41ef3fd79bf0bf45637a78867654ddcf96a1429
commitdesign.test -test.testlogfile=/var/folders/67/pw7jvbv12d76jpz89mltjtyw0000gn/T/go-build238425281/b334/testlog.txt -test.paniconexit0	/var/folders/67/pw7jvbv12d76jpz89mltjtyw0000gn/T/TestRun_OutputPassesVL0144165979183/001	rev-parse --verify HEAD
commitdesign.test -test.testlogfile=/var/folders/67/pw7jvbv12d76jpz89mltjtyw0000gn/T/go-build238425281/b334/testlog.txt -test.paniconexit0	/var/folders/67/pw7jvbv12d76jpz89mltjtyw0000gn/T/TestRun_OutputPassesVL0144165979183/001	log -1 --format=%cI bed0166252df7a809fcff5ce75ca85566c30ee52
commitdesign.test -test.testlogfile=/var/folders/67/pw7jvbv12d76jpz89mltjtyw0000gn/T/go-build238425281/b334/testlog.txt -test.paniconexit0	/var/folders/67/pw7jvbv12d76jpz89mltjtyw0000gn/T/TestRun_OutputPassesVL0144165979183/001	add -- /var/folders/67/pw7jvbv12d76jpz89mltjtyw0000gn/T/TestRun_OutputPassesVL0144165979183/001/.verdi/specs/active/vl014-happy
wtmanager.test -test.testlogfile=/var/folders/67/pw7jvbv12d76jpz89mltjtyw0000gn/T/go-build238425281/b331/testlog.txt -test.paniconexit0	/var/folders/67/pw7jvbv12d76jpz89mltjtyw0000gn/T/TestGC_DeletedBranchSignal_LocalOnly272228552/001	checkout -b design/gone
commitdesign.test -test.testlogfile=/var/folders/67/pw7jvbv12d76jpz89mltjtyw0000gn/T/go-build238425281/b334/testlog.txt -test.paniconexit0	/var/folders/67/pw7jvbv12d76jpz89mltjtyw0000gn/T/TestRun_OutputPassesVL0144165979183/001	commit -m commit-to-design: spec/vl014-happy from board STORY-1482
commitdesign.test -test.testlogfile=/var/folders/67/pw7jvbv12d76jpz89mltjtyw0000gn/T/go-build238425281/b334/testlog.txt -test.paniconexit0	/var/folders/67/pw7jvbv12d76jpz89mltjtyw0000gn/T/TestRun_OutputPassesVL0144165979183/001	rev-parse --verify HEAD
commitdesign.test -test.testlogfile=/var/folders/67/pw7jvbv12d76jpz89mltjtyw0000gn/T/go-build238425281/b334/testlog.txt -test.paniconexit0	/var/folders/67/pw7jvbv12d76jpz89mltjtyw0000gn/T/TestRun_OutputPassesVL0144165979183/001	rev-parse --verify -q bed0166252df7a809fcff5ce75ca85566c30ee52^{commit}
wtmanager.test -test.testlogfile=/var/folders/67/pw7jvbv12d76jpz89mltjtyw0000gn/T/go-build238425281/b331/testlog.txt -test.paniconexit0	/var/folders/67/pw7jvbv12d76jpz89mltjtyw0000gn/T/TestGC_DeletedBranchSignal_LocalOnly272228552/001	status --porcelain
# ... 20574 lines omitted (full dedup at gitlog-dedup-all-verbs.tsv, 524 lines; per-ritual reduction at inventory.tsv) ...
# Last 100 of 21174
verdi.test -test.testlogfile=/var/folders/67/pw7jvbv12d76jpz89mltjtyw0000gn/T/go-build238425281/b001/testlog.txt -test.paniconexit0	/var/folders/67/pw7jvbv12d76jpz89mltjtyw0000gn/T/TestForgeSupersessionLoader_TransportErrorPropagates280401887/001	show-ref --verify --quiet refs/heads/main
verdi.test -test.testlogfile=/var/folders/67/pw7jvbv12d76jpz89mltjtyw0000gn/T/go-build238425281/b001/testlog.txt -test.paniconexit0	/var/folders/67/pw7jvbv12d76jpz89mltjtyw0000gn/T/TestCandidateAncestorCommits_CommitItselfIsFirst4223392799/001	log --format=%H%cI%an%s 6391b1dcbcbc70d7d5e2b08ced1065be9368c12f
verdi.test -test.testlogfile=/var/folders/67/pw7jvbv12d76jpz89mltjtyw0000gn/T/go-build238425281/b001/testlog.txt -test.paniconexit0	/var/folders/67/pw7jvbv12d76jpz89mltjtyw0000gn/T/TestCandidateAncestorCommits_MatchesGitxLog_NoDepthLimit2534468883/001	log --format=%H%cI%an%s f16371cd8827955d91de6361930dfe46c91155b3
verdi.test -test.testlogfile=/var/folders/67/pw7jvbv12d76jpz89mltjtyw0000gn/T/go-build238425281/b001/testlog.txt -test.paniconexit0	/var/folders/67/pw7jvbv12d76jpz89mltjtyw0000gn/T/TestCandidateAncestorCommits_MatchesGitxLog_NoDepthLimit2534468883/001	log --format=%H%cI%an%s f16371cd8827955d91de6361930dfe46c91155b3
verdi.test -test.testlogfile=/var/folders/67/pw7jvbv12d76jpz89mltjtyw0000gn/T/go-build238425281/b001/testlog.txt -test.paniconexit0	/var/folders/67/pw7jvbv12d76jpz89mltjtyw0000gn/T/TestCandidateAncestorCommits_Negative2467089452/001	log --format=%H%cI%an%s deadbeefdeadbeefdeadbeefdeadbeefdeadbeef
verdi.test -test.testlogfile=/var/folders/67/pw7jvbv12d76jpz89mltjtyw0000gn/T/go-build238425281/b001/testlog.txt -test.paniconexit0	/var/folders/67/pw7jvbv12d76jpz89mltjtyw0000gn/T/TestRunSync_Ancestor_LinearHistory_AcceptsNamedAncestor139216402/001	log --format=%H%cI%an%s 4fb40ee4367bb7c860ba041d6de09ba1e4868ab6
verdi.test -test.testlogfile=/var/folders/67/pw7jvbv12d76jpz89mltjtyw0000gn/T/go-build238425281/b001/testlog.txt -test.paniconexit0	/var/folders/67/pw7jvbv12d76jpz89mltjtyw0000gn/T/TestRunSync_Ancestor_BranchedHistory_ReachesMergedAncestor3863083454/001	checkout -b feature
verdi.test -test.testlogfile=/var/folders/67/pw7jvbv12d76jpz89mltjtyw0000gn/T/go-build238425281/b001/testlog.txt -test.paniconexit0	/var/folders/67/pw7jvbv12d76jpz89mltjtyw0000gn/T/TestRunSync_Ancestor_BranchedHistory_ReachesMergedAncestor3863083454/001	status --porcelain
verdi.test -test.testlogfile=/var/folders/67/pw7jvbv12d76jpz89mltjtyw0000gn/T/go-build238425281/b001/testlog.txt -test.paniconexit0	/var/folders/67/pw7jvbv12d76jpz89mltjtyw0000gn/T/TestRunSync_Ancestor_BranchedHistory_ReachesMergedAncestor3863083454/001	checkout main
verdi.test -test.testlogfile=/var/folders/67/pw7jvbv12d76jpz89mltjtyw0000gn/T/go-build238425281/b001/testlog.txt -test.paniconexit0	/var/folders/67/pw7jvbv12d76jpz89mltjtyw0000gn/T/TestRunSync_Ancestor_BranchedHistory_ReachesMergedAncestor3863083454/001	log --format=%H%cI%an%s 44cbb4f7d5efd405f92b7be205fc18320ead07d9
verdi.test -test.testlogfile=/var/folders/67/pw7jvbv12d76jpz89mltjtyw0000gn/T/go-build238425281/b001/testlog.txt -test.paniconexit0	/var/folders/67/pw7jvbv12d76jpz89mltjtyw0000gn/T/TestRunSync_Ancestor_BranchedHistory_ReachesMergedAncestor3863083454/001	log --format=%H%cI%an%s 44cbb4f7d5efd405f92b7be205fc18320ead07d9
verdi.test -test.testlogfile=/var/folders/67/pw7jvbv12d76jpz89mltjtyw0000gn/T/go-build238425281/b001/testlog.txt -test.paniconexit0	/var/folders/67/pw7jvbv12d76jpz89mltjtyw0000gn/T/TestRunSync_Ancestor_NoBundleAnywhere_RefusesNamingRange3902306530/001	log --format=%H%cI%an%s 6391b1dcbcbc70d7d5e2b08ced1065be9368c12f
verdi.test -test.testlogfile=/var/folders/67/pw7jvbv12d76jpz89mltjtyw0000gn/T/go-build238425281/b001/testlog.txt -test.paniconexit0	/var/folders/67/pw7jvbv12d76jpz89mltjtyw0000gn/T/TestRunSync_Ancestor_NoBundleAnywhere_RefusesNamingRange3902306530/001	rev-parse --git-path shallow
verdi.test -test.testlogfile=/var/folders/67/pw7jvbv12d76jpz89mltjtyw0000gn/T/go-build238425281/b001/testlog.txt -test.paniconexit0	/var/folders/67/pw7jvbv12d76jpz89mltjtyw0000gn/T/TestRunSync_Ancestor_NoBundleAnywhere_RangeNotationNamesEveryWal1252333292/001	log --format=%H%cI%an%s 6391b1dcbcbc70d7d5e2b08ced1065be9368c12f
verdi.test -test.testlogfile=/var/folders/67/pw7jvbv12d76jpz89mltjtyw0000gn/T/go-build238425281/b001/testlog.txt -test.paniconexit0	/var/folders/67/pw7jvbv12d76jpz89mltjtyw0000gn/T/TestRunSync_Ancestor_NoBundleAnywhere_RangeNotationNamesEveryWal1252333292/001	rev-parse --git-path shallow
verdi.test -test.testlogfile=/var/folders/67/pw7jvbv12d76jpz89mltjtyw0000gn/T/go-build238425281/b001/testlog.txt -test.paniconexit0	/var/folders/67/pw7jvbv12d76jpz89mltjtyw0000gn/T/TestRunSync_Ancestor_NoBundleAnywhere_ShallowClone_DisclosesTrun1744359983/001	log --format=%H%cI%an%s 6391b1dcbcbc70d7d5e2b08ced1065be9368c12f
verdi.test -test.testlogfile=/var/folders/67/pw7jvbv12d76jpz89mltjtyw0000gn/T/go-build238425281/b001/testlog.txt -test.paniconexit0	/var/folders/67/pw7jvbv12d76jpz89mltjtyw0000gn/T/TestRunSync_Ancestor_NoBundleAnywhere_ShallowClone_DisclosesTrun1744359983/001	rev-parse --git-path shallow
verdi.test -test.testlogfile=/var/folders/67/pw7jvbv12d76jpz89mltjtyw0000gn/T/go-build238425281/b001/testlog.txt -test.paniconexit0	/var/folders/67/pw7jvbv12d76jpz89mltjtyw0000gn/T/TestRunSync_OrRegen_ShallowExhaustedWalk_DisclosesTruncation3026803331/001	log --format=%H%cI%an%s d029c4cd3f1695b2575d9f1bd5cbb41c2810e82a
verdi.test -test.testlogfile=/var/folders/67/pw7jvbv12d76jpz89mltjtyw0000gn/T/go-build238425281/b001/testlog.txt -test.paniconexit0	/var/folders/67/pw7jvbv12d76jpz89mltjtyw0000gn/T/TestRunSync_OrRegen_ShallowExhaustedWalk_DisclosesTruncation3026803331/001	rev-parse --git-path shallow
verdi.test -test.testlogfile=/var/folders/67/pw7jvbv12d76jpz89mltjtyw0000gn/T/go-build238425281/b001/testlog.txt -test.paniconexit0	/var/folders/67/pw7jvbv12d76jpz89mltjtyw0000gn/T/TestRunSync_OrRegen_NonShallowExhaustedWalk_StaysQuiet3604347206/001	log --format=%H%cI%an%s f20fd91496675481c6e486f04939fbcddcbf58a3
verdi.test -test.testlogfile=/var/folders/67/pw7jvbv12d76jpz89mltjtyw0000gn/T/go-build238425281/b001/testlog.txt -test.paniconexit0	/var/folders/67/pw7jvbv12d76jpz89mltjtyw0000gn/T/TestRunSync_OrRegen_NonShallowExhaustedWalk_StaysQuiet3604347206/001	rev-parse --git-path shallow
verdi.test -test.testlogfile=/var/folders/67/pw7jvbv12d76jpz89mltjtyw0000gn/T/go-build238425281/b001/testlog.txt -test.paniconexit0	/var/folders/67/pw7jvbv12d76jpz89mltjtyw0000gn/T/TestRunSync_OrRegen_UnwalkableHistory_DisclosesWalkNeverRan113525395/001	log --format=%H%cI%an%s deadbeefdeadbeefdeadbeefdeadbeefdeadbeef
verdi.test -test.testlogfile=/var/folders/67/pw7jvbv12d76jpz89mltjtyw0000gn/T/go-build238425281/b001/testlog.txt -test.paniconexit0	/var/folders/67/pw7jvbv12d76jpz89mltjtyw0000gn/T/TestRunSync_NoOrRegen_UnwalkableHistory_StaysByteIdentical2139917332/001	log --format=%H%cI%an%s deadbeefdeadbeefdeadbeefdeadbeefdeadbeef
verdi.test -test.testlogfile=/var/folders/67/pw7jvbv12d76jpz89mltjtyw0000gn/T/go-build238425281/b001/testlog.txt -test.paniconexit0	/var/folders/67/pw7jvbv12d76jpz89mltjtyw0000gn/T/TestResolveRefCommit_Negative_NotAGitRepo1096877937/001	rev-parse --verify HEAD
verdi.test -test.testlogfile=/var/folders/67/pw7jvbv12d76jpz89mltjtyw0000gn/T/go-build238425281/b001/testlog.txt -test.paniconexit0	/var/folders/67/pw7jvbv12d76jpz89mltjtyw0000gn/T/TestRunSync_CIFetch_QuarantinesUnreachableCommitRecord3399673763/001	rev-parse --verify -q deadbeefdeadbeefdeadbeefdeadbeefdeadbeef^{commit}
verdi.test -test.testlogfile=/var/folders/67/pw7jvbv12d76jpz89mltjtyw0000gn/T/go-build238425281/b001/testlog.txt -test.paniconexit0	/var/folders/67/pw7jvbv12d76jpz89mltjtyw0000gn/T/TestRunSync_CIFetch_QuarantinesUnreachableCommitRecord3399673763/001	rev-parse --git-dir
verdi.test -test.testlogfile=/var/folders/67/pw7jvbv12d76jpz89mltjtyw0000gn/T/go-build238425281/b001/testlog.txt -test.paniconexit0	/var/folders/67/pw7jvbv12d76jpz89mltjtyw0000gn/T/TestRunSync_CIFetch_QuarantinesUnreachableCommitRecord3399673763/001	rev-parse --is-shallow-repository
verdi.test -test.testlogfile=/var/folders/67/pw7jvbv12d76jpz89mltjtyw0000gn/T/go-build238425281/b001/testlog.txt -test.paniconexit0	/var/folders/67/pw7jvbv12d76jpz89mltjtyw0000gn/T/TestRunSync_CIFetch_QuarantineAppliesToRuntimeJSON897610743/001	rev-parse --verify -q deadbeefdeadbeefdeadbeefdeadbeefdeadbeef^{commit}
verdi.test -test.testlogfile=/var/folders/67/pw7jvbv12d76jpz89mltjtyw0000gn/T/go-build238425281/b001/testlog.txt -test.paniconexit0	/var/folders/67/pw7jvbv12d76jpz89mltjtyw0000gn/T/TestRunSync_CIFetch_QuarantineAppliesToRuntimeJSON897610743/001	rev-parse --git-dir
verdi.test -test.testlogfile=/var/folders/67/pw7jvbv12d76jpz89mltjtyw0000gn/T/go-build238425281/b001/testlog.txt -test.paniconexit0	/var/folders/67/pw7jvbv12d76jpz89mltjtyw0000gn/T/TestRunSync_CIFetch_QuarantineAppliesToRuntimeJSON897610743/001	rev-parse --is-shallow-repository
verdi.test -test.testlogfile=/var/folders/67/pw7jvbv12d76jpz89mltjtyw0000gn/T/go-build238425281/b001/testlog.txt -test.paniconexit0	/var/folders/67/pw7jvbv12d76jpz89mltjtyw0000gn/T/TestRunSync_CIFetch_NonRecordFilesUntouchedByQuarantine2366701046/001	rev-parse --verify -q deadbeefdeadbeefdeadbeefdeadbeefdeadbeef^{commit}
verdi.test -test.testlogfile=/var/folders/67/pw7jvbv12d76jpz89mltjtyw0000gn/T/go-build238425281/b001/testlog.txt -test.paniconexit0	/var/folders/67/pw7jvbv12d76jpz89mltjtyw0000gn/T/TestRunSync_CIFetch_NonRecordFilesUntouchedByQuarantine2366701046/001	rev-parse --git-dir
verdi.test -test.testlogfile=/var/folders/67/pw7jvbv12d76jpz89mltjtyw0000gn/T/go-build238425281/b001/testlog.txt -test.paniconexit0	/var/folders/67/pw7jvbv12d76jpz89mltjtyw0000gn/T/TestRunSync_CIFetch_NonRecordFilesUntouchedByQuarantine2366701046/001	rev-parse --is-shallow-repository
verdi.test -test.testlogfile=/var/folders/67/pw7jvbv12d76jpz89mltjtyw0000gn/T/go-build238425281/b001/testlog.txt -test.paniconexit0	/var/folders/67/pw7jvbv12d76jpz89mltjtyw0000gn/T/TestRunSync_CIFetch_QuarantinedFailRecord_ExcludedFromVerdict4287420495/001	rev-parse --verify -q deadbeefdeadbeefdeadbeefdeadbeefdeadbeef^{commit}
verdi.test -test.testlogfile=/var/folders/67/pw7jvbv12d76jpz89mltjtyw0000gn/T/go-build238425281/b001/testlog.txt -test.paniconexit0	/var/folders/67/pw7jvbv12d76jpz89mltjtyw0000gn/T/TestRunSync_CIFetch_QuarantinedFailRecord_ExcludedFromVerdict4287420495/001	rev-parse --git-dir
verdi.test -test.testlogfile=/var/folders/67/pw7jvbv12d76jpz89mltjtyw0000gn/T/go-build238425281/b001/testlog.txt -test.paniconexit0	/var/folders/67/pw7jvbv12d76jpz89mltjtyw0000gn/T/TestRunSync_CIFetch_QuarantinedFailRecord_ExcludedFromVerdict4287420495/001	rev-parse --is-shallow-repository
verdi.test -test.testlogfile=/var/folders/67/pw7jvbv12d76jpz89mltjtyw0000gn/T/go-build238425281/b001/testlog.txt -test.paniconexit0	/var/folders/67/pw7jvbv12d76jpz89mltjtyw0000gn/T/TestRunSync_CIFetch_UndecodableUnderReachableDir_RoundTripsToClo1376693837/001	rev-parse --verify -q ccc1938b0d0a36a0a7e2c4fcea05299588885428^{commit}
verdi.test -test.testlogfile=/var/folders/67/pw7jvbv12d76jpz89mltjtyw0000gn/T/go-build238425281/b001/testlog.txt -test.paniconexit0	/var/folders/67/pw7jvbv12d76jpz89mltjtyw0000gn/T/TestRunSync_CIFetch_UndecodableUnderReachableDir_RoundTripsToClo1376693837/001	merge-base --is-ancestor ccc1938b0d0a36a0a7e2c4fcea05299588885428 ccc1938b0d0a36a0a7e2c4fcea05299588885428
verdi.test -test.testlogfile=/var/folders/67/pw7jvbv12d76jpz89mltjtyw0000gn/T/go-build238425281/b001/testlog.txt -test.paniconexit0	/var/folders/67/pw7jvbv12d76jpz89mltjtyw0000gn/T/TestRunSync_CIFetch_UndecodableUnderReachableDir_RoundTripsToClo1376693837/001	rev-parse --verify -q ccc1938b0d0a36a0a7e2c4fcea05299588885428^{commit}
verdi.test -test.testlogfile=/var/folders/67/pw7jvbv12d76jpz89mltjtyw0000gn/T/go-build238425281/b001/testlog.txt -test.paniconexit0	/var/folders/67/pw7jvbv12d76jpz89mltjtyw0000gn/T/TestRunSync_CIFetch_UndecodableUnderReachableDir_RoundTripsToClo1376693837/001	merge-base --is-ancestor ccc1938b0d0a36a0a7e2c4fcea05299588885428 ccc1938b0d0a36a0a7e2c4fcea05299588885428
verdi.test -test.testlogfile=/var/folders/67/pw7jvbv12d76jpz89mltjtyw0000gn/T/go-build238425281/b001/testlog.txt -test.paniconexit0	/var/folders/67/pw7jvbv12d76jpz89mltjtyw0000gn/T/TestRunSync_OrRegen_MatchesGolden464888248/001	log --format=%H%cI%an%s deadbeefdeadbeefdeadbeefdeadbeefdeadbeef
verdi.test -test.testlogfile=/var/folders/67/pw7jvbv12d76jpz89mltjtyw0000gn/T/go-build238425281/b001/testlog.txt -test.paniconexit0	/var/folders/67/pw7jvbv12d76jpz89mltjtyw0000gn/T/TestRunSync_CIFetch_ReachableByReaderFold2990491406/001	rev-parse --verify -q 789559b1f3c480f13cbb2d18729bb7918e13bbf9^{commit}
verdi.test -test.testlogfile=/var/folders/67/pw7jvbv12d76jpz89mltjtyw0000gn/T/go-build238425281/b001/testlog.txt -test.paniconexit0	/var/folders/67/pw7jvbv12d76jpz89mltjtyw0000gn/T/TestRunSync_CIFetch_ReachableByReaderFold2990491406/001	merge-base --is-ancestor 789559b1f3c480f13cbb2d18729bb7918e13bbf9 789559b1f3c480f13cbb2d18729bb7918e13bbf9
verdi.test -test.testlogfile=/var/folders/67/pw7jvbv12d76jpz89mltjtyw0000gn/T/go-build238425281/b001/testlog.txt -test.paniconexit0	/var/folders/67/pw7jvbv12d76jpz89mltjtyw0000gn/T/TestRunSync_ForceLocalRecords_IgnoredByAuthoritativeFold3445478727/001	rev-parse --verify -q 789559b1f3c480f13cbb2d18729bb7918e13bbf9^{commit}
verdi.test -test.testlogfile=/var/folders/67/pw7jvbv12d76jpz89mltjtyw0000gn/T/go-build238425281/b001/testlog.txt -test.paniconexit0	/var/folders/67/pw7jvbv12d76jpz89mltjtyw0000gn/T/TestRunSync_ForceLocalRecords_IgnoredByAuthoritativeFold3445478727/001	merge-base --is-ancestor 789559b1f3c480f13cbb2d18729bb7918e13bbf9 789559b1f3c480f13cbb2d18729bb7918e13bbf9
verdi.test -test.testlogfile=/var/folders/67/pw7jvbv12d76jpz89mltjtyw0000gn/T/go-build238425281/b001/testlog.txt -test.paniconexit0	/var/folders/67/pw7jvbv12d76jpz89mltjtyw0000gn/T/TestRunSync_NoBundle_NoRegen_ExitsOperational3827001192/001	log --format=%H%cI%an%s deadbeefdeadbeefdeadbeefdeadbeefdeadbeef
verdi.test -test.testlogfile=/var/folders/67/pw7jvbv12d76jpz89mltjtyw0000gn/T/go-build238425281/b001/testlog.txt -test.paniconexit0	/var/folders/67/pw7jvbv12d76jpz89mltjtyw0000gn/T/TestRunSync_BlockingReview_ExitsOne2623693005/001	log --format=%H%cI%an%s deadbeefdeadbeefdeadbeefdeadbeefdeadbeef
verdi.test -test.testlogfile=/var/folders/67/pw7jvbv12d76jpz89mltjtyw0000gn/T/go-build238425281/b001/testlog.txt -test.paniconexit0	/var/folders/67/pw7jvbv12d76jpz89mltjtyw0000gn/T/TestRunSync_Negative_BoundaryDiffCrossCheckDisagreement3624944279/001	log --format=%H%cI%an%s deadbeefdeadbeefdeadbeefdeadbeefdeadbeef
verdi.test -test.testlogfile=/var/folders/67/pw7jvbv12d76jpz89mltjtyw0000gn/T/go-build238425281/b001/testlog.txt -test.paniconexit0	/var/folders/67/pw7jvbv12d76jpz89mltjtyw0000gn/T/TestGithubIdentifier_CIEnvWinsOverResolvableOrigin3853526716/001	remote
verdi.test -test.testlogfile=/var/folders/67/pw7jvbv12d76jpz89mltjtyw0000gn/T/go-build238425281/b001/testlog.txt -test.paniconexit0	/var/folders/67/pw7jvbv12d76jpz89mltjtyw0000gn/T/TestGithubIdentifier_CIEnvWinsOverResolvableOrigin3853526716/001	remote get-url origin
verdi.test -test.testlogfile=/var/folders/67/pw7jvbv12d76jpz89mltjtyw0000gn/T/go-build238425281/b001/testlog.txt -test.paniconexit0	/var/folders/67/pw7jvbv12d76jpz89mltjtyw0000gn/T/TestCmdSync_LocalCheckout_RefusesNamingSources1205634936/001	rev-parse --verify HEAD
verdi.test -test.testlogfile=/var/folders/67/pw7jvbv12d76jpz89mltjtyw0000gn/T/go-build238425281/b001/testlog.txt -test.paniconexit0	/var/folders/67/pw7jvbv12d76jpz89mltjtyw0000gn/T/TestCmdSync_LocalCheckout_RefusesNamingSources1205634936/001	symbolic-ref --short -q HEAD
verdi.test -test.testlogfile=/var/folders/67/pw7jvbv12d76jpz89mltjtyw0000gn/T/go-build238425281/b001/testlog.txt -test.paniconexit0	/var/folders/67/pw7jvbv12d76jpz89mltjtyw0000gn/T/TestCmdSync_LocalCheckout_RefusesNamingSources1205634936/001	remote
verdi.test -test.testlogfile=/var/folders/67/pw7jvbv12d76jpz89mltjtyw0000gn/T/go-build238425281/b001/testlog.txt -test.paniconexit0	/var/folders/67/pw7jvbv12d76jpz89mltjtyw0000gn/T/TestCmdSync_GitlabLocalCheckout_RefusesNamingProjectID122918410/001	rev-parse --verify HEAD
verdi.test -test.testlogfile=/var/folders/67/pw7jvbv12d76jpz89mltjtyw0000gn/T/go-build238425281/b001/testlog.txt -test.paniconexit0	/var/folders/67/pw7jvbv12d76jpz89mltjtyw0000gn/T/TestCmdSync_GitlabLocalCheckout_RefusesNamingProjectID122918410/001	symbolic-ref --short -q HEAD
verdi.test -test.testlogfile=/var/folders/67/pw7jvbv12d76jpz89mltjtyw0000gn/T/go-build238425281/b001/testlog.txt -test.paniconexit0	/var/folders/67/pw7jvbv12d76jpz89mltjtyw0000gn/T/TestCmdSync_GitlabLocalCheckout_RefusesNamingProjectID122918410/001	remote
verdi.test -test.testlogfile=/var/folders/67/pw7jvbv12d76jpz89mltjtyw0000gn/T/go-build238425281/b001/testlog.txt -test.paniconexit0	/var/folders/67/pw7jvbv12d76jpz89mltjtyw0000gn/T/TestCmdSync_ProduceForceLocal_CompletesWithoutIdentifierRefusal3566118129/001	rev-parse --verify HEAD
verdi.test -test.testlogfile=/var/folders/67/pw7jvbv12d76jpz89mltjtyw0000gn/T/go-build238425281/b001/testlog.txt -test.paniconexit0	/var/folders/67/pw7jvbv12d76jpz89mltjtyw0000gn/T/TestCmdSync_ProduceForceLocal_CompletesWithoutIdentifierRefusal3566118129/001	symbolic-ref --short -q HEAD
verdi.test -test.testlogfile=/var/folders/67/pw7jvbv12d76jpz89mltjtyw0000gn/T/go-build238425281/b001/testlog.txt -test.paniconexit0	/var/folders/67/pw7jvbv12d76jpz89mltjtyw0000gn/T/TestCmdSync_ProduceForceLocal_CompletesWithoutIdentifierRefusal3566118129/001	remote
verdi.test -test.testlogfile=/var/folders/67/pw7jvbv12d76jpz89mltjtyw0000gn/T/go-build238425281/b001/testlog.txt -test.paniconexit0	/var/folders/67/pw7jvbv12d76jpz89mltjtyw0000gn/T/TestCmdSync_ProduceRuntimeForceLocal_CompletesWithoutIdentifierR496717752/001	rev-parse --verify HEAD
verdi.test -test.testlogfile=/var/folders/67/pw7jvbv12d76jpz89mltjtyw0000gn/T/go-build238425281/b001/testlog.txt -test.paniconexit0	/var/folders/67/pw7jvbv12d76jpz89mltjtyw0000gn/T/TestCmdSync_ProduceRuntimeForceLocal_CompletesWithoutIdentifierR496717752/001	symbolic-ref --short -q HEAD
verdi.test -test.testlogfile=/var/folders/67/pw7jvbv12d76jpz89mltjtyw0000gn/T/go-build238425281/b001/testlog.txt -test.paniconexit0	/var/folders/67/pw7jvbv12d76jpz89mltjtyw0000gn/T/TestCmdSync_ProduceRuntimeForceLocal_CompletesWithoutIdentifierR496717752/001	remote
verdi.test -test.testlogfile=/var/folders/67/pw7jvbv12d76jpz89mltjtyw0000gn/T/go-build238425281/b001/testlog.txt -test.paniconexit0	/var/folders/67/pw7jvbv12d76jpz89mltjtyw0000gn/T/TestCmdSync_GitlabProduceForceLocal_CompletesWithoutIdentifierRe2571422409/001	rev-parse --verify HEAD
verdi.test -test.testlogfile=/var/folders/67/pw7jvbv12d76jpz89mltjtyw0000gn/T/go-build238425281/b001/testlog.txt -test.paniconexit0	/var/folders/67/pw7jvbv12d76jpz89mltjtyw0000gn/T/TestCmdSync_GitlabProduceForceLocal_CompletesWithoutIdentifierRe2571422409/001	symbolic-ref --short -q HEAD
verdi.test -test.testlogfile=/var/folders/67/pw7jvbv12d76jpz89mltjtyw0000gn/T/go-build238425281/b001/testlog.txt -test.paniconexit0	/var/folders/67/pw7jvbv12d76jpz89mltjtyw0000gn/T/TestCmdSync_GitlabProduceForceLocal_CompletesWithoutIdentifierRe2571422409/001	remote
verdi build start	/var/folders/67/pw7jvbv12d76jpz89mltjtyw0000gn/T/TestVocabularyCLI_RenamedStateLabels2697636980/001	show-ref --verify --quiet refs/remotes/origin/main
verdi build start	/var/folders/67/pw7jvbv12d76jpz89mltjtyw0000gn/T/TestVocabularyCLI_RenamedStateLabels2697636980/001	show-ref --verify --quiet refs/heads/main
verdi build start	/var/folders/67/pw7jvbv12d76jpz89mltjtyw0000gn/T/TestVocabularyCLI_RenamedStateLabels2697636980/001	ls-tree main -- .verdi/specs/active/some-feature/spec.md
verdi build start	/var/folders/67/pw7jvbv12d76jpz89mltjtyw0000gn/T/TestVocabularyCLI_RenamedStateLabels2697636980/001	show main:.verdi/specs/active/some-feature/spec.md
verdi build start	/var/folders/67/pw7jvbv12d76jpz89mltjtyw0000gn/T/TestVocabularyCLI_RenamedStateLabels2697636980/001	show-ref --verify --quiet refs/remotes/origin/main
verdi build start	/var/folders/67/pw7jvbv12d76jpz89mltjtyw0000gn/T/TestVocabularyCLI_RenamedStateLabels2697636980/001	show-ref --verify --quiet refs/heads/main
verdi build start	/var/folders/67/pw7jvbv12d76jpz89mltjtyw0000gn/T/TestVocabularyCLI_RenamedStateLabels2697636980/001	ls-tree main -- .verdi/specs/active/succ-story/spec.md
verdi build start	/var/folders/67/pw7jvbv12d76jpz89mltjtyw0000gn/T/TestVocabularyCLI_RenamedStateLabels2697636980/001	show main:.verdi/specs/active/succ-story/spec.md
verdi build start	/var/folders/67/pw7jvbv12d76jpz89mltjtyw0000gn/T/TestVocabularyCLI_RenamedStateLabels2697636980/001	rev-list --first-parent --reverse main -- .verdi/specs/active/succ-story/spec.md
verdi build start	/var/folders/67/pw7jvbv12d76jpz89mltjtyw0000gn/T/TestVocabularyCLI_RenamedStateLabels2697636980/001	ls-tree 0ac018cf7569bfdf896a119fbde7402912a7997a -- .verdi/specs/active/succ-story/spec.md
verdi build start	/var/folders/67/pw7jvbv12d76jpz89mltjtyw0000gn/T/TestVocabularyCLI_RenamedStateLabels2697636980/001	ls-tree -r --name-only main -- .verdi/specs
verdi build start	/var/folders/67/pw7jvbv12d76jpz89mltjtyw0000gn/T/TestVocabularyCLI_RenamedStateLabels2697636980/001	show main:.verdi/specs/active/pred-story/spec.md
verdi build start	/var/folders/67/pw7jvbv12d76jpz89mltjtyw0000gn/T/TestVocabularyCLI_RenamedStateLabels2697636980/001	show main:.verdi/specs/active/some-feature/spec.md
verdi build start	/var/folders/67/pw7jvbv12d76jpz89mltjtyw0000gn/T/TestVocabularyCLI_RenamedStateLabels2697636980/001	show main:.verdi/specs/active/succ-story/spec.md
verdi build start	/var/folders/67/pw7jvbv12d76jpz89mltjtyw0000gn/T/TestVocabularyCLI_RenamedStateLabels2697636980/001	symbolic-ref --short -q HEAD
verdi build start	/var/folders/67/pw7jvbv12d76jpz89mltjtyw0000gn/T/TestVocabularyCLI_RenamedStateLabels2697636980/001	rev-parse --verify HEAD
verdi build start	/var/folders/67/pw7jvbv12d76jpz89mltjtyw0000gn/T/TestVocabularyCLI_RenamedStateLabels2697636980/001	checkout -b feature/succ-story
verdi.test -test.testlogfile=/var/folders/67/pw7jvbv12d76jpz89mltjtyw0000gn/T/go-build238425281/b001/testlog.txt -test.paniconexit0	/var/folders/67/pw7jvbv12d76jpz89mltjtyw0000gn/T/TestRunWaive_Create_Happy1990964553/001	rev-parse --verify HEAD
verdi.test -test.testlogfile=/var/folders/67/pw7jvbv12d76jpz89mltjtyw0000gn/T/go-build238425281/b001/testlog.txt -test.paniconexit0	/var/folders/67/pw7jvbv12d76jpz89mltjtyw0000gn/T/TestRunWaive_Create_NoExpiry3483395094/001	rev-parse --verify HEAD
verdi.test -test.testlogfile=/var/folders/67/pw7jvbv12d76jpz89mltjtyw0000gn/T/go-build238425281/b001/testlog.txt -test.paniconexit0	/var/folders/67/pw7jvbv12d76jpz89mltjtyw0000gn/T/TestRunWaive_Create_RefusesWhenAlreadyExists2233377196/001	rev-parse --verify HEAD
verdi.test -test.testlogfile=/var/folders/67/pw7jvbv12d76jpz89mltjtyw0000gn/T/go-build238425281/b001/testlog.txt -test.paniconexit0	/var/folders/67/pw7jvbv12d76jpz89mltjtyw0000gn/T/TestRunWaive_Reaffirm_RoundTrips3945608382/001	rev-parse --verify HEAD
verdi.test -test.testlogfile=/var/folders/67/pw7jvbv12d76jpz89mltjtyw0000gn/T/go-build238425281/b001/testlog.txt -test.paniconexit0	/var/folders/67/pw7jvbv12d76jpz89mltjtyw0000gn/T/TestRunWaive_Reaffirm_RoundTrips3945608382/001	rev-parse --verify HEAD
verdi.test -test.testlogfile=/var/folders/67/pw7jvbv12d76jpz89mltjtyw0000gn/T/go-build238425281/b001/testlog.txt -test.paniconexit0	/var/folders/67/pw7jvbv12d76jpz89mltjtyw0000gn/T/TestRunWaive_Reaffirm_DisclosesLapsedPriorExpiry3788819213/001	rev-parse --verify HEAD
verdi.test -test.testlogfile=/var/folders/67/pw7jvbv12d76jpz89mltjtyw0000gn/T/go-build238425281/b001/testlog.txt -test.paniconexit0	/var/folders/67/pw7jvbv12d76jpz89mltjtyw0000gn/T/TestRunWaive_Reaffirm_DisclosesLapsedPriorExpiry3788819213/001	rev-parse --verify HEAD
verdi waive jira:WAIVE-1	/private/var/folders/67/pw7jvbv12d76jpz89mltjtyw0000gn/T/TestWaiveE2E_FullLifecycle2445789204/001	rev-parse --verify HEAD
verdi matrix spec/waive-fixture-story	/private/var/folders/67/pw7jvbv12d76jpz89mltjtyw0000gn/T/TestWaiveE2E_FullLifecycle2445789204/001	rev-parse --verify HEAD
verdi matrix spec/waive-fixture-story	/private/var/folders/67/pw7jvbv12d76jpz89mltjtyw0000gn/T/TestWaiveE2E_FullLifecycle2445789204/001	symbolic-ref --short -q refs/remotes/origin/HEAD
verdi matrix spec/waive-fixture-story	/private/var/folders/67/pw7jvbv12d76jpz89mltjtyw0000gn/T/TestWaiveE2E_FullLifecycle2445789204/001	rev-parse --git-dir
verdi matrix spec/waive-fixture-story	/private/var/folders/67/pw7jvbv12d76jpz89mltjtyw0000gn/T/TestWaiveE2E_FullLifecycle2445789204/001	show-ref --verify --quiet refs/remotes/origin/main
verdi matrix spec/waive-fixture-story	/private/var/folders/67/pw7jvbv12d76jpz89mltjtyw0000gn/T/TestWaiveE2E_FullLifecycle2445789204/001	show-ref --verify --quiet refs/remotes/origin/master
verdi waive jira:WAIVE-1	/private/var/folders/67/pw7jvbv12d76jpz89mltjtyw0000gn/T/TestWaiveE2E_FullLifecycle2445789204/001	rev-parse --verify HEAD
verdi audit	/private/var/folders/67/pw7jvbv12d76jpz89mltjtyw0000gn/T/TestWaiveE2E_FullLifecycle2445789204/001	symbolic-ref --short -q refs/remotes/origin/HEAD
verdi audit	/private/var/folders/67/pw7jvbv12d76jpz89mltjtyw0000gn/T/TestWaiveE2E_FullLifecycle2445789204/001	rev-parse --git-dir
verdi audit	/private/var/folders/67/pw7jvbv12d76jpz89mltjtyw0000gn/T/TestWaiveE2E_FullLifecycle2445789204/001	show-ref --verify --quiet refs/remotes/origin/main
verdi audit	/private/var/folders/67/pw7jvbv12d76jpz89mltjtyw0000gn/T/TestWaiveE2E_FullLifecycle2445789204/001	show-ref --verify --quiet refs/remotes/origin/master
